name         , method             , Ealpha, Texp  , Tcal                  , HF
273Ds_GSI_cal, Poenaru            , 10.929, 0.0289, 1.784695909587367e-06 , 16193.234850121811
257Rf8286    , Poenaru            ,  8.286, 4.37  , 1.1176273595097934    ,   177.7304053503918
257Rf8965    , Poenaru            ,  8.965, 4.37  , 0.010437302697708567  ,   581.5146518436172
257Rf9023    , Poenaru            ,  9.023, 4.37  , 0.007191474875664299  , 10476.964584993708
257Rf8497    , Poenaru            ,  8.497, 6.12  , 0.24512103824050857   ,   416.120952865414
257Rf8785    , Poenaru            ,  8.785, 6.12  , 0.03401881813475563   ,   449.75107422584495
259Sg9040    , Poenaru            ,  9.04 , 0.402 , 0.0153271325112688    ,   238.43634494962205
259Sg9614    , Poenaru            ,  9.614, 0.402 , 0.0004616981167880382 ,   978.3132675539849
259Sg9200    , Poenaru            ,  9.2  , 0.226 , 0.005569754621614001  ,    94.36347398667527
259Sg9550    , Poenaru            ,  9.55 , 0.226 , 0.0006706466842874021 ,   624.0521698295083
259Sg9614    , Poenaru            ,  9.614, 0.226 , 0.0004616981167880382 , 16316.5779963357
273Ds_GSI_cal, DZR                , 10.929, 0.0289, 0.0003306411869016125 ,    87.40592867699706
257Rf8286    , DZR                ,  8.286, 4.37  , 147.395393388742      ,     1.3476429559265684
257Rf8965    , DZR                ,  8.965, 4.37  , 0.8826949778320792    ,     6.876038265620533
257Rf9023    , DZR                ,  9.023, 4.37  , 0.5856930132871454    ,   128.6421826399146
257Rf8497    , DZR                ,  8.497, 6.12  , 28.139785429041815    ,     3.6247611147286984
257Rf8785    , DZR                ,  8.785, 6.12  , 3.2348184138804013    ,     4.729786356584551
259Sg9040    , DZR                ,  9.04 , 0.402 , 2.912263418565731     ,     1.2548814888267534
259Sg9614    , DZR                ,  9.614, 0.402 , 0.057758425220595946  ,     7.820251184711344
259Sg9200    , DZR                ,  9.2  , 0.226 , 0.9411340643303634    ,     0.5584553946868339
259Sg9550    , DZR                ,  9.55 , 0.226 , 0.08786580688081809   ,     4.7631556958920385
259Sg9614    , DZR                ,  9.614, 0.226 , 0.057758425220595946  ,   130.4283020972504
273Ds_GSI_cal, Ismail2022_FormulaE, 10.929, 0.0289, 0.0003206082013078645 ,    90.1411750607363
257Rf8286    , Ismail2022_FormulaE,  8.286, 4.37  , 136.02501698978136    ,     1.4602928787083764
257Rf8965    , Ismail2022_FormulaE,  8.965, 4.37  , 0.8322020476652782    ,     7.293234210937257
257Rf9023    , Ismail2022_FormulaE,  9.023, 4.37  , 0.5531363406053995    ,   136.2138446802159
257Rf8497    , Ismail2022_FormulaE,  8.497, 6.12  , 26.149255344960505    ,     3.900684690803537
257Rf8785    , Ismail2022_FormulaE,  8.785, 6.12  , 3.033278294085129     ,     5.044047567226156
259Sg9040    , Ismail2022_FormulaE,  9.04 , 0.402 , 2.5047692384679965    ,     1.459034787883574
259Sg9614    , Ismail2022_FormulaE,  9.614, 0.402 , 0.05041186595587624   ,     8.95990229073789
259Sg9200    , Ismail2022_FormulaE,  9.2  , 0.226 , 0.8128809581778614    ,     0.6465662531042312
259Sg9550    , Ismail2022_FormulaE,  9.55 , 0.226 , 0.07656927573880684   ,     5.465880596104489
259Sg9614    , Ismail2022_FormulaE,  9.614, 0.226 , 0.05041186595587624   ,   149.4357169783598
273Ds_GSI_cal, E. Rurarz          , 10.929, 0.0289, 0.00014462817133857573,   199.82275743737964
257Rf8286    , E. Rurarz          ,  8.286, 4.37  , 39.48237495361351     ,     5.031013556548579
257Rf8965    , E. Rurarz          ,  8.965, 4.37  , 0.25904402985869723   ,    23.430165318827044
257Rf9023    , E. Rurarz          ,  9.023, 4.37  , 0.17353353234260666   ,   434.18022193805086
257Rf8497    , E. Rurarz          ,  8.497, 6.12  , 7.721707440734632     ,    13.209513670760863
257Rf8785    , E. Rurarz          ,  8.785, 6.12  , 0.9231358488665828    ,    16.573941981329387
259Sg9040    , E. Rurarz          ,  9.04 , 0.402 , 0.790330124222132     ,     4.624074601916983
259Sg9614    , E. Rurarz          ,  9.614, 0.402 , 0.017254678766692778  ,    26.177560264426877
259Sg9200    , E. Rurarz          ,  9.2  , 0.226 , 0.2616853540374039    ,     2.008447883077604
259Sg9550    , E. Rurarz          ,  9.55 , 0.226 , 0.0259384391335914    ,    16.135069514515195
259Sg9614    , E. Rurarz          ,  9.614, 0.226 , 0.017254678766692778  ,   436.5965565163202
273Ds_GSI_cal, Qi2009_UDL         , 10.929, 0.0289, 7.585917762692015e-05 ,   380.96906536651215
257Rf8286    , Qi2009_UDL         ,  8.286, 4.37  , 36.50464056124038     ,     5.441400342050492
257Rf8965    , Qi2009_UDL         ,  8.965, 4.37  , 0.23556194799832736   ,    25.76581020839385
257Rf9023    , Qi2009_UDL         ,  9.023, 4.37  , 0.15724024708671758   ,   479.17011695265535
257Rf8497    , Qi2009_UDL         ,  8.497, 6.12  , 7.139668161417441     ,    14.286378259315333
257Rf8785    , Qi2009_UDL         ,  8.785, 6.12  , 0.8470609706244946    ,    18.062454215922727
259Sg9040    , Qi2009_UDL         ,  9.04 , 0.402 , 0.6967698547135297    ,     5.244982155618639
259Sg9614    , Qi2009_UDL         ,  9.614, 0.402 , 0.014608082001174166  ,    30.92023944157224
259Sg9200    , Qi2009_UDL         ,  9.2  , 0.226 , 0.2288019433210432    ,     2.2971019726496302
259Sg9550    , Qi2009_UDL         ,  9.55 , 0.226 , 0.02209106512668725   ,    18.94514891511159
259Sg9614    , Qi2009_UDL         ,  9.614, 0.226 , 0.014608082001174166  ,   515.6962654459238
273Ds_GSI_cal, Viola-Seaborg      , 10.929, 0.0289, 0.00013753299108487408,   210.13140027010166
257Rf8286    , Viola-Seaborg      ,  8.286, 4.37  , 56.62507862109232     ,     3.507922081054267
257Rf8965    , Viola-Seaborg      ,  8.965, 4.37  , 0.3666121358632592    ,    16.555492442040315
257Rf9023    , Viola-Seaborg      ,  9.023, 4.37  , 0.24478280449694953   ,   307.80277945196036
257Rf8497    , Viola-Seaborg      ,  8.497, 6.12  , 11.086769076459955    ,     9.20015554545752
257Rf8785    , Viola-Seaborg      ,  8.785, 6.12  , 1.3171969156986247    ,    11.61557533095579
259Sg9040    , Viola-Seaborg      ,  9.04 , 0.402 , 1.0248861650387204    ,     3.5658062126415624
259Sg9614    , Viola-Seaborg      ,  9.614, 0.402 , 0.021374190205960143  ,    21.13228098496455
259Sg9200    , Viola-Seaborg      ,  9.2  , 0.226 , 0.3360363188152603    ,     1.564061281238417
259Sg9550    , Viola-Seaborg      ,  9.55 , 0.226 , 0.03234135192450392   ,    12.940662452685583
259Sg9614    , Viola-Seaborg      ,  9.614, 0.226 , 0.021374190205960143  ,   352.44999977742697
273Ds_GSI_cal, Xu2022_Unified     , 10.929, 0.0289, 0.00010871743703640446,   265.8267228128522
257Rf8286    , Xu2022_Unified     ,  8.286, 4.37  , 37.43001320075033     ,     5.306873993631981
257Rf8965    , Xu2022_Unified     ,  8.965, 4.37  , 0.25846779784477647   ,    23.48240088341475
257Rf9023    , Xu2022_Unified     ,  9.023, 4.37  , 0.17385492479780815   ,   433.37758578787634
257Rf8497    , Xu2022_Unified     ,  8.497, 6.12  , 7.4428971568863505    ,    13.70434091053201
257Rf8785    , Xu2022_Unified     ,  8.785, 6.12  , 0.9092469055490517    ,    16.82711253304848
259Sg9040    , Xu2022_Unified     ,  9.04 , 0.402 , 0.7552987964303466    ,     4.838542669228887
259Sg9614    , Xu2022_Unified     ,  9.614, 0.402 , 0.017188829043581325  ,    26.277845460746843
259Sg9200    , Xu2022_Unified     ,  9.2  , 0.226 , 0.25310474416285095   ,     2.07653711544289
259Sg9550    , Xu2022_Unified     ,  9.55 , 0.226 , 0.025725359297243275  ,    16.268714216301223
259Sg9614    , Xu2022_Unified     ,  9.614, 0.226 , 0.017188829043581325  ,   438.26914062807793
