name                 , method             , Ealpha, Texp    , Tcal                  , HF
277Cn_l_upper        , Poenaru            , 11.11 ,  0.00107, 1.3244857011561644e-06,   807.8607410151579
277Cn_l_mean         , Poenaru            , 11.11 ,  0.00061, 1.3244857011561644e-06,   460.5561233824732
277Cn_l_lower        , Poenaru            , 11.11 ,  0.00043, 1.3244857011561644e-06,   324.65431648272704
277Cn_h_upper        , Poenaru            , 11.39 ,  0.00107, 3.694276651806463e-07 ,  2896.372147648393
277Cn_h_mean         , Poenaru            , 11.39 ,  0.00061, 3.694276651806463e-07 ,  1651.2028131453455
277Cn_h_lower        , Poenaru            , 11.39 ,  0.00043, 3.694276651806463e-07 ,  1163.962638774588
273Ds_a              , Poenaru            , 10.858,  0.00576, 2.508497017585703e-06 ,  2296.195673991153
273Ds_a_upper        , Poenaru            , 10.858,  0.03339, 2.508497017585703e-06 , 13310.759297667466
273Ds_a_lower        , Poenaru            , 10.858,  0.00313, 2.508497017585703e-06 ,  1247.7591075681091
273Ds_b              , Poenaru            , 10.894,  0.017  , 2.109818992974211e-06 ,  8057.563258559497
273Ds_b_upper        , Poenaru            , 10.894,  0.049  , 2.109818992974211e-06 , 23224.741157024433
273Ds_b_lower        , Poenaru            , 10.894,  0.01   , 2.109818992974211e-06 ,  4739.743093270292
273Ds_c              , Poenaru            , 11.165,  0.00016, 5.909257412637387e-07 ,   270.76160137791277
273Ds_c_upper        , Poenaru            , 11.165,  0.00024, 5.909257412637387e-07 ,   406.1424020668691
273Ds_c_lower        , Poenaru            , 11.165,  0.00011, 5.909257412637387e-07 ,   186.148600947315
269Hs_a              , Poenaru            ,  9.13 ,  9.6    , 0.01886451555313984   ,   508.89194439992707
269Hs_a_upper        , Poenaru            ,  9.13 , 14.05   , 0.01886451555313984   ,   744.78456446031
269Hs_a_lower        , Poenaru            ,  9.13 ,  6.92   , 0.01886451555313984   ,   366.8262765882808
269Hs_b              , Poenaru            ,  8.95 ,  6.49   , 0.06070186969416852   ,   106.91598187499451
269Hs_b_upper        , Poenaru            ,  8.95 , 37.58   , 0.06070186969416852   ,   619.0913095319404
269Hs_b_lower        , Poenaru            ,  8.95 ,  3.52   , 0.06070186969416852   ,    57.98832915253939
265Sga->261Rfa_upper , Poenaru            ,  8.84 , 11.1    , 0.05702533860985186   ,   213.90144267718333
265Sga->261Rfa_center, Poenaru            ,  8.84 ,  8.5    , 0.05702533860985186   ,   163.79840205009538
265Sga->261Rfa_lower , Poenaru            ,  8.84 ,  6.9    , 0.05702533860985186   ,   132.96576166419504
265Sga->261Rfb_upper , Poenaru            ,  8.84 , 11.1    , 0.05702533860985186   ,  2162.781253735965
265Sga->261Rfb_center, Poenaru            ,  8.84 ,  8.5    , 0.05702533860985186   ,  1656.1838429509642
265Sga->261Rfb_lower , Poenaru            ,  8.84 ,  6.9    , 0.05702533860985186   ,  1344.4315901601944
265Sgb->261Rfa_upper , Poenaru            ,  8.69 , 18.1    , 0.15764288013823302   ,   574.0823811430167
265Sgb->261Rfa_center, Poenaru            ,  8.69 , 14.4    , 0.15764288013823302   ,   456.72852422427854
265Sgb->261Rfa_lower , Poenaru            ,  8.69 , 11.9    , 0.15764288013823302   ,   377.43537765756355
265Sgb->261Rfb_upper , Poenaru            ,  8.69 , 18.1    , 0.15764288013823302   ,   143.52059528575418
265Sgb->261Rfb_center, Poenaru            ,  8.69 , 14.4    , 0.15764288013823302   ,   114.18213105606964
265Sgb->261Rfb_lower , Poenaru            ,  8.69 , 11.9    , 0.15764288013823302   ,    94.35884441439089
261Rfa->257No_upper  , Poenaru            ,  8.28 , 71.0    , 1.176181101993177     ,    60.36485357542488
261Rfa->257No_center , Poenaru            ,  8.28 , 68.0    , 1.176181101993177     ,    57.81422595956185
261Rfa->257No_lower  , Poenaru            ,  8.28 , 65.0    , 1.176181101993177     ,    55.26359834369883
261Rfb->257No_upper  , Poenaru            ,  8.51 ,  3.3    , 0.2242303889691396    ,    81.76114494390193
261Rfb->257No_center , Poenaru            ,  8.51 ,  2.6    , 0.2242303889691396    ,    64.41787177398335
261Rfb->257No_lower  , Poenaru            ,  8.51 ,  2.1    , 0.2242303889691396    ,    52.02981950975578
257No->253Fm_1_upper , Poenaru            ,  8.222, 25.0    , 0.654058573018004     ,    46.05165832278103
257No->253Fm_1_center, Poenaru            ,  8.222, 24.5    , 0.654058573018004     ,    45.13062515632541
257No->253Fm_1_lower , Poenaru            ,  8.222, 24.0    , 0.654058573018004     ,    44.209591989869786
257No->253Fm_2_upper , Poenaru            ,  8.323, 25.0    , 0.3129408515346091    ,   469.9252999672626
257No->253Fm_2_center, Poenaru            ,  8.323, 24.5    , 0.3129408515346091    ,   460.5267939679173
257No->253Fm_2_lower , Poenaru            ,  8.323, 24.0    , 0.3129408515346091    ,   451.128287968572
277Cn_l_upper        , DZR                , 11.11 ,  0.00107, 0.0005034727565057756 ,     2.1252391240115203
277Cn_l_mean         , DZR                , 11.11 ,  0.00061, 0.0005034727565057756 ,     1.2115849211654461
277Cn_l_lower        , DZR                , 11.11 ,  0.00043, 0.0005034727565057756 ,     0.8540680591821997
277Cn_h_upper        , DZR                , 11.39 ,  0.00107, 0.0001095235688277532 ,     9.769586687617712
277Cn_h_mean         , DZR                , 11.39 ,  0.00061, 0.0001095235688277532 ,     5.56957745742692
277Cn_h_lower        , DZR                , 11.39 ,  0.00043, 0.0001095235688277532 ,     3.926095584743567
273Ds_a              , DZR                , 10.858,  0.00576, 0.000492573303488954  ,    11.693690988125525
273Ds_a_upper        , DZR                , 10.858,  0.03339, 0.000492573303488954  ,    67.78686494679016
273Ds_a_lower        , DZR                , 10.858,  0.00313, 0.000492573303488954  ,     6.354384165422377
273Ds_b              , DZR                , 10.894,  0.017  , 0.0004022381819168442 ,    42.263516404602434
273Ds_b_upper        , DZR                , 10.894,  0.049  , 0.0004022381819168442 ,   121.81837081326583
273Ds_b_lower        , DZR                , 10.894,  0.01   , 0.0004022381819168442 ,    24.86089200270731
273Ds_c              , DZR                , 11.165,  0.00016, 9.033399034676905e-05 ,     1.771204829829846
273Ds_c_upper        , DZR                , 11.165,  0.00024, 9.033399034676905e-05 ,     2.6568072447447686
273Ds_c_lower        , DZR                , 11.165,  0.00011, 9.033399034676905e-05 ,     1.217703320508019
269Hs_a              , DZR                ,  9.13 ,  9.6    , 6.25345092186605      ,     1.5351523694592821
269Hs_a_upper        , DZR                ,  9.13 , 14.05   , 6.25345092186605      ,     2.2467594573857204
269Hs_a_lower        , DZR                ,  9.13 ,  6.92   , 6.25345092186605      ,     1.1065889996518994
269Hs_b              , DZR                ,  8.95 ,  6.49   , 23.232149452648336    ,     0.27935426350574616
269Hs_b_upper        , DZR                ,  8.95 , 37.58   , 23.232149452648336    ,     1.617586012718943
269Hs_b_lower        , DZR                ,  8.95 ,  3.52   , 23.232149452648336    ,     0.1515141768166759
265Sga->261Rfa_upper , DZR                ,  8.84 , 11.1    , 9.869391052654725     ,     1.2359224731014344
265Sga->261Rfa_center, DZR                ,  8.84 ,  8.5    , 9.869391052654725     ,     0.9464271190416391
265Sga->261Rfa_lower , DZR                ,  8.84 ,  6.9    , 9.869391052654725     ,     0.7682761319279187
265Sga->261Rfb_upper , DZR                ,  8.84 , 11.1    , 9.869391052654725     ,    12.496549450247837
265Sga->261Rfb_center, DZR                ,  8.84 ,  8.5    , 9.869391052654725     ,     9.569429759198794
265Sga->261Rfb_lower , DZR                ,  8.84 ,  6.9    , 9.869391052654725     ,     7.768125333937846
265Sgb->261Rfa_upper , DZR                ,  8.69 , 18.1    , 30.37500046385655     ,     2.9794238228139833
265Sgb->261Rfa_center, DZR                ,  8.69 , 14.4    , 30.37500046385655     ,     2.370370334172451
265Sgb->261Rfa_lower , DZR                ,  8.69 , 11.9    , 30.37500046385655     ,     1.9588477067119558
265Sgb->261Rfb_upper , DZR                ,  8.69 , 18.1    , 30.37500046385655     ,     0.7448559557034958
265Sgb->261Rfb_center, DZR                ,  8.69 , 14.4    , 30.37500046385655     ,     0.5925925835431127
265Sgb->261Rfb_lower , DZR                ,  8.69 , 11.9    , 30.37500046385655     ,     0.48971192667798896
261Rfa->257No_upper  , DZR                ,  8.28 , 71.0    , 132.3482837606866     ,     0.5364633222474033
261Rfa->257No_center , DZR                ,  8.28 , 68.0    , 132.3482837606866     ,     0.5137958579270906
261Rfa->257No_lower  , DZR                ,  8.28 , 65.0    , 132.3482837606866     ,     0.49112839360677774
261Rfb->257No_upper  , DZR                ,  8.51 ,  3.3    , 21.785985488746984    ,     0.8415195788504938
261Rfb->257No_center , DZR                ,  8.51 ,  2.6    , 21.785985488746984    ,     0.6630154257609951
261Rfb->257No_lower  , DZR                ,  8.51 ,  2.1    , 21.785985488746984    ,     0.5355124592684961
257No->253Fm_1_upper , DZR                ,  8.222, 25.0    , 36.3484791628096      ,     0.8286586570182829
257No->253Fm_1_center, DZR                ,  8.222, 24.5    , 36.3484791628096      ,     0.8120854838779172
257No->253Fm_1_lower , DZR                ,  8.222, 24.0    , 36.3484791628096      ,     0.7955123107375516
257No->253Fm_2_upper , DZR                ,  8.323, 25.0    , 16.427715774978374    ,     8.951872892359276
257No->253Fm_2_center, DZR                ,  8.323, 24.5    , 16.427715774978374    ,     8.77283543451209
257No->253Fm_2_lower , DZR                ,  8.323, 24.0    , 16.427715774978374    ,     8.593797976664904
277Cn_l_upper        , Ismail2022_FormulaE, 11.11 ,  0.00107, 0.00047231778936670794,     2.265423882159245
277Cn_l_mean         , Ismail2022_FormulaE, 11.11 ,  0.00061, 0.00047231778936670794,     1.2915033346889153
277Cn_l_lower        , Ismail2022_FormulaE, 11.11 ,  0.00043, 0.00047231778936670794,     0.9104039900266124
277Cn_h_upper        , Ismail2022_FormulaE, 11.39 ,  0.00107, 0.00010309364162050137,    10.378913608841014
277Cn_h_mean         , Ismail2022_FormulaE, 11.39 ,  0.00061, 0.00010309364162050137,     5.916950748965437
277Cn_h_lower        , Ismail2022_FormulaE, 11.39 ,  0.00043, 0.00010309364162050137,     4.170965282057604
273Ds_a              , Ismail2022_FormulaE, 10.858,  0.00576, 0.0004771224242798615 ,    12.07237326707874
273Ds_a_upper        , Ismail2022_FormulaE, 10.858,  0.03339, 0.0004771224242798615 ,    69.98203878259707
273Ds_a_lower        , Ismail2022_FormulaE, 10.858,  0.00313, 0.0004771224242798615 ,     6.560161167700773
273Ds_b              , Ismail2022_FormulaE, 10.894,  0.017  , 0.00038983012860722933,    43.608738146374094
273Ds_b_upper        , Ismail2022_FormulaE, 10.894,  0.049  , 0.00038983012860722933,   125.69577465719591
273Ds_b_lower        , Ismail2022_FormulaE, 10.894,  0.01   , 0.00038983012860722933,    25.65219890963182
273Ds_c              , Ismail2022_FormulaE, 11.165,  0.00016, 8.789457117213587e-05 ,     1.820362712580397
273Ds_c_upper        , Ismail2022_FormulaE, 11.165,  0.00024, 8.789457117213587e-05 ,     2.730544068870595
273Ds_c_lower        , Ismail2022_FormulaE, 11.165,  0.00011, 8.789457117213587e-05 ,     1.251499364899023
269Hs_a              , Ismail2022_FormulaE,  9.13 ,  9.6    , 6.0854368962694005    ,     1.577536693525679
269Hs_a_upper        , Ismail2022_FormulaE,  9.13 , 14.05   , 6.0854368962694005    ,     2.308790681670395
269Hs_a_lower        , Ismail2022_FormulaE,  9.13 ,  6.92   , 6.0854368962694005    ,     1.1371410332497602
269Hs_b              , Ismail2022_FormulaE,  8.95 ,  6.49   , 22.516108257009563    ,     0.28823808830194164
269Hs_b_upper        , Ismail2022_FormulaE,  8.95 , 37.58   , 22.516108257009563    ,     1.6690273279486851
269Hs_b_lower        , Ismail2022_FormulaE,  8.95 ,  3.52   , 22.516108257009563    ,     0.1563325224688497
265Sga->261Rfa_upper , Ismail2022_FormulaE,  8.84 , 11.1    , 9.895925617442154     ,     1.2326085168125
265Sga->261Rfa_center, Ismail2022_FormulaE,  8.84 ,  8.5    , 9.895925617442154     ,     0.943889404766329
265Sga->261Rfa_lower , Ismail2022_FormulaE,  8.84 ,  6.9    , 9.895925617442154     ,     0.7662161050456081
265Sga->261Rfb_upper , Ismail2022_FormulaE,  8.84 , 11.1    , 9.895925617442154     ,    12.463041669993055
265Sga->261Rfb_center, Ismail2022_FormulaE,  8.84 ,  8.5    , 9.895925617442154     ,     9.543770648192881
265Sga->261Rfb_lower , Ismail2022_FormulaE,  8.84 ,  6.9    , 9.895925617442154     ,     7.747296173238928
265Sgb->261Rfa_upper , Ismail2022_FormulaE,  8.69 , 18.1    , 30.33466143952748     ,     2.9833858597833
265Sgb->261Rfa_center, Ismail2022_FormulaE,  8.69 , 14.4    , 30.33466143952748     ,     2.3735224519822937
265Sgb->261Rfa_lower , Ismail2022_FormulaE,  8.69 , 11.9    , 30.33466143952748     ,     1.9614525818464787
265Sgb->261Rfb_upper , Ismail2022_FormulaE,  8.69 , 18.1    , 30.33466143952748     ,     0.745846464945825
265Sgb->261Rfb_center, Ismail2022_FormulaE,  8.69 , 14.4    , 30.33466143952748     ,     0.5933806129955734
265Sgb->261Rfb_lower , Ismail2022_FormulaE,  8.69 , 11.9    , 30.33466143952748     ,     0.4903631454616197
261Rfa->257No_upper  , Ismail2022_FormulaE,  8.28 , 71.0    , 135.75195626496526    ,     0.5230127207995426
261Rfa->257No_center , Ismail2022_FormulaE,  8.28 , 68.0    , 135.75195626496526    ,     0.5009135917516746
261Rfa->257No_lower  , Ismail2022_FormulaE,  8.28 , 65.0    , 135.75195626496526    ,     0.4788144627038067
261Rfb->257No_upper  , Ismail2022_FormulaE,  8.51 ,  3.3    , 22.510389817240544    ,     0.8144387317225384
261Rfb->257No_center , Ismail2022_FormulaE,  8.51 ,  2.6    , 22.510389817240544    ,     0.641679000751091
261Rfb->257No_lower  , Ismail2022_FormulaE,  8.51 ,  2.1    , 22.510389817240544    ,     0.5182791929143428
257No->253Fm_1_upper , Ismail2022_FormulaE,  8.222, 25.0    , 38.79536614045735     ,     0.7763938048338204
257No->253Fm_1_center, Ismail2022_FormulaE,  8.222, 24.5    , 38.79536614045735     ,     0.760865928737144
257No->253Fm_1_lower , Ismail2022_FormulaE,  8.222, 24.0    , 38.79536614045735     ,     0.7453380526404676
257No->253Fm_2_upper , Ismail2022_FormulaE,  8.323, 25.0    , 17.597192906599425    ,     8.356947855828796
257No->253Fm_2_center, Ismail2022_FormulaE,  8.323, 24.5    , 17.597192906599425    ,     8.189808898712219
257No->253Fm_2_lower , Ismail2022_FormulaE,  8.323, 24.0    , 17.597192906599425    ,     8.022669941595643
277Cn_l_upper        , E. Rurarz          , 11.11 ,  0.00107, 0.00022013666734242468,     4.860616874587298
277Cn_l_mean         , E. Rurarz          , 11.11 ,  0.00061, 0.00022013666734242468,     2.7710058817740673
277Cn_l_lower        , E. Rurarz          , 11.11 ,  0.00043, 0.00022013666734242468,     1.9533320150210638
277Cn_h_upper        , E. Rurarz          , 11.39 ,  0.00107, 5.054147793563838e-05 ,    21.170730332868036
277Cn_h_mean         , E. Rurarz          , 11.39 ,  0.00061, 5.054147793563838e-05 ,    12.069294862663085
277Cn_h_lower        , E. Rurarz          , 11.39 ,  0.00043, 5.054147793563838e-05 ,     8.507863591713322
273Ds_a              , E. Rurarz          , 10.858,  0.00576, 0.00021247244098756855,    27.109398156427307
273Ds_a_upper        , E. Rurarz          , 10.858,  0.03339, 0.00021247244098756855,   157.14979243803955
273Ds_a_lower        , E. Rurarz          , 10.858,  0.00313, 0.00021247244098756855,    14.731322262086366
273Ds_b              , E. Rurarz          , 10.894,  0.017  , 0.00017473203162026967,    97.29183505943925
273Ds_b_upper        , E. Rurarz          , 10.894,  0.049  , 0.00017473203162026967,   280.4294069360308
273Ds_b_lower        , E. Rurarz          , 10.894,  0.01   , 0.00017473203162026967,    57.23049121143485
273Ds_c              , E. Rurarz          , 11.165,  0.00016, 4.148419351165856e-05 ,     3.8568906963331524
273Ds_c_upper        , E. Rurarz          , 11.165,  0.00024, 4.148419351165856e-05 ,     5.785336044499728
273Ds_c_lower        , E. Rurarz          , 11.165,  0.00011, 4.148419351165856e-05 ,     2.651612353729042
269Hs_a              , E. Rurarz          ,  9.13 ,  9.6    , 2.1266853730908375    ,     4.514066876779123
269Hs_a_upper        , E. Rurarz          ,  9.13 , 14.05   , 2.1266853730908375    ,     6.606524960286112
269Hs_a_lower        , E. Rurarz          ,  9.13 ,  6.92   , 2.1266853730908375    ,     3.2538898736782844
269Hs_b              , E. Rurarz          ,  8.95 ,  6.49   , 7.778436619321879     ,     0.8343578944744034
269Hs_b_upper        , E. Rurarz          ,  8.95 , 37.58   , 7.778436619321879     ,     4.831305034568271
269Hs_b_lower        , E. Rurarz          ,  8.95 ,  3.52   , 7.778436619321879     ,     0.452533095308151
265Sga->261Rfa_upper , E. Rurarz          ,  8.84 , 11.1    , 3.2556025688171193    ,     3.7467110742064897
265Sga->261Rfa_center, E. Rurarz          ,  8.84 ,  8.5    , 3.2556025688171193    ,     2.869103074842808
265Sga->261Rfa_lower , E. Rurarz          ,  8.84 ,  6.9    , 3.2556025688171193    ,     2.3290366136959264
265Sga->261Rfb_upper , E. Rurarz          ,  8.84 , 11.1    , 3.2556025688171193    ,    37.883411972532286
265Sga->261Rfb_center, E. Rurarz          ,  8.84 ,  8.5    , 3.2556025688171193    ,    29.009819978966167
265Sga->261Rfb_lower , E. Rurarz          ,  8.84 ,  6.9    , 3.2556025688171193    ,    23.54914798292548
265Sgb->261Rfa_upper , E. Rurarz          ,  8.69 , 18.1    , 9.877227889779055     ,     9.162489821020461
265Sgb->261Rfa_center, E. Rurarz          ,  8.69 , 14.4    , 9.877227889779055     ,     7.289494664237273
265Sgb->261Rfa_lower , E. Rurarz          ,  8.69 , 11.9    , 9.877227889779055     ,     6.023957396140524
265Sgb->261Rfb_upper , E. Rurarz          ,  8.69 , 18.1    , 9.877227889779055     ,     2.2906224552551153
265Sgb->261Rfb_center, E. Rurarz          ,  8.69 , 14.4    , 9.877227889779055     ,     1.8223736660593182
265Sgb->261Rfb_lower , E. Rurarz          ,  8.69 , 11.9    , 9.877227889779055     ,     1.505989349035131
261Rfa->257No_upper  , E. Rurarz          ,  8.28 , 71.0    , 41.26547966109629     ,     1.7205664536825054
261Rfa->257No_center , E. Rurarz          ,  8.28 , 68.0    , 41.26547966109629     ,     1.647866462681836
261Rfa->257No_lower  , E. Rurarz          ,  8.28 , 65.0    , 41.26547966109629     ,     1.5751664716811669
261Rfb->257No_upper  , E. Rurarz          ,  8.51 ,  3.3    , 6.943844105810792     ,     2.6402282444664213
261Rfb->257No_center , E. Rurarz          ,  8.51 ,  2.6    , 6.943844105810792     ,     2.0801798289735443
261Rfb->257No_lower  , E. Rurarz          ,  8.51 ,  2.1    , 6.943844105810792     ,     1.680145246478632
257No->253Fm_1_upper , E. Rurarz          ,  8.222, 25.0    , 11.245855556605024    ,     2.6783628667558506
257No->253Fm_1_center, E. Rurarz          ,  8.222, 24.5    , 11.245855556605024    ,     2.6247956094207336
257No->253Fm_1_lower , E. Rurarz          ,  8.222, 24.0    , 11.245855556605024    ,     2.5712283520856167
257No->253Fm_2_upper , E. Rurarz          ,  8.323, 25.0    , 5.14420076145298      ,    28.587302546853746
257No->253Fm_2_center, E. Rurarz          ,  8.323, 24.5    , 5.14420076145298      ,    28.015556495916666
257No->253Fm_2_lower , E. Rurarz          ,  8.323, 24.0    , 5.14420076145298      ,    27.443810444979594
277Cn_l_upper        , Qi2009_UDL         , 11.11 ,  0.00107, 0.00010489541016913262,    10.200636979966422
277Cn_l_mean         , Qi2009_UDL         , 11.11 ,  0.00061, 0.00010489541016913262,     5.815316409139736
277Cn_l_lower        , Qi2009_UDL         , 11.11 ,  0.00043, 0.00010489541016913262,     4.099321403164076
277Cn_h_upper        , Qi2009_UDL         , 11.39 ,  0.00107, 2.3263050212911016e-05,    45.99568802057389
277Cn_h_mean         , Qi2009_UDL         , 11.39 ,  0.00061, 2.3263050212911016e-05,    26.221840834158943
277Cn_h_lower        , Qi2009_UDL         , 11.39 ,  0.00043, 2.3263050212911016e-05,    18.48424845686614
273Ds_a              , Qi2009_UDL         , 10.858,  0.00576, 0.00011242366703102127,    51.23476356993971
273Ds_a_upper        , Qi2009_UDL         , 10.858,  0.03339, 0.00011242366703102127,   297.00152006949423
273Ds_a_lower        , Qi2009_UDL         , 10.858,  0.00313, 0.00011242366703102127,    27.84111284269293
273Ds_b              , Qi2009_UDL         , 10.894,  0.017  , 9.204941508468844e-05 ,   184.68341145198426
273Ds_b_upper        , Qi2009_UDL         , 10.894,  0.049  , 9.204941508468844e-05 ,   532.322774185131
273Ds_b_lower        , Qi2009_UDL         , 10.894,  0.01   , 9.204941508468844e-05 ,   108.63730085410839
273Ds_c              , Qi2009_UDL         , 11.165,  0.00016, 2.1080113202171325e-05,     7.590092067604241
273Ds_c_upper        , Qi2009_UDL         , 11.165,  0.00024, 2.1080113202171325e-05,    11.38513810140636
273Ds_c_lower        , Qi2009_UDL         , 11.165,  0.00011, 2.1080113202171325e-05,     5.218188296477916
269Hs_a              , Qi2009_UDL         ,  9.13 ,  9.6    , 1.3758623716288265    ,     6.977442074118908
269Hs_a_upper        , Qi2009_UDL         ,  9.13 , 14.05   , 1.3758623716288265    ,    10.211777202226111
269Hs_a_lower        , Qi2009_UDL         ,  9.13 ,  6.92   , 1.3758623716288265    ,     5.02957282842738
269Hs_b              , Qi2009_UDL         ,  8.95 ,  6.49   , 5.021511374316386     ,     1.2924395697268594
269Hs_b_upper        , Qi2009_UDL         ,  8.95 , 37.58   , 5.021511374316386     ,     7.483802624088655
269Hs_b_lower        , Qi2009_UDL         ,  8.95 ,  3.52   , 5.021511374316386     ,     0.7009841734111779
265Sga->261Rfa_upper , Qi2009_UDL         ,  8.84 , 11.1    , 2.353629426750539     ,     5.182550005181866
265Sga->261Rfa_center, Qi2009_UDL         ,  8.84 ,  8.5    , 2.353629426750539     ,     3.968619373337465
265Sga->261Rfa_lower , Qi2009_UDL         ,  8.84 ,  6.9    , 2.353629426750539     ,     3.2215851383562946
265Sga->261Rfb_upper , Qi2009_UDL         ,  8.84 , 11.1    , 2.353629426750539     ,    52.401338941283306
265Sga->261Rfb_center, Qi2009_UDL         ,  8.84 ,  8.5    , 2.353629426750539     ,    40.12715144152325
265Sga->261Rfb_lower , Qi2009_UDL         ,  8.84 ,  6.9    , 2.353629426750539     ,    32.57380528782476
265Sgb->261Rfa_upper , Qi2009_UDL         ,  8.69 , 18.1    , 7.130718673431731     ,    12.691567869195708
265Sgb->261Rfa_center, Qi2009_UDL         ,  8.69 , 14.4    , 7.130718673431731     ,    10.097158967757911
265Sgb->261Rfa_lower , Qi2009_UDL         ,  8.69 , 11.9    , 7.130718673431731     ,     8.344179980299941
265Sgb->261Rfb_upper , Qi2009_UDL         ,  8.69 , 18.1    , 7.130718673431731     ,     3.172891967298927
265Sgb->261Rfb_center, Qi2009_UDL         ,  8.69 , 14.4    , 7.130718673431731     ,     2.524289741939478
265Sgb->261Rfb_lower , Qi2009_UDL         ,  8.69 , 11.9    , 7.130718673431731     ,     2.0860449950749853
261Rfa->257No_upper  , Qi2009_UDL         ,  8.28 , 71.0    , 33.153640458644844    ,     2.1415446092130943
261Rfa->257No_center , Qi2009_UDL         ,  8.28 , 68.0    , 33.153640458644844    ,     2.0510568088238084
261Rfa->257No_lower  , Qi2009_UDL         ,  8.28 , 65.0    , 33.153640458644844    ,     1.9605690084345229
261Rfb->257No_upper  , Qi2009_UDL         ,  8.51 ,  3.3    , 5.601817821912133     ,     3.2727471539007325
261Rfb->257No_center , Qi2009_UDL         ,  8.51 ,  2.6    , 5.601817821912133     ,     2.578528060649062
261Rfb->257No_lower  , Qi2009_UDL         ,  8.51 ,  2.1    , 5.601817821912133     ,     2.082657279755012
257No->253Fm_1_upper , Qi2009_UDL         ,  8.222, 25.0    , 10.111471052738123    ,     2.978842719383982
257No->253Fm_1_center, Qi2009_UDL         ,  8.222, 24.5    , 10.111471052738123    ,     2.9192658649963024
257No->253Fm_1_lower , Qi2009_UDL         ,  8.222, 24.0    , 10.111471052738123    ,     2.8596890106086224
257No->253Fm_2_upper , Qi2009_UDL         ,  8.323, 25.0    , 4.6245385936882055    ,    31.79967483245243
257No->253Fm_2_center, Qi2009_UDL         ,  8.323, 24.5    , 4.6245385936882055    ,    31.16368133580337
257No->253Fm_2_lower , Qi2009_UDL         ,  8.323, 24.0    , 4.6245385936882055    ,    30.527687839154325
277Cn_l_upper        , Viola-Seaborg      , 11.11 ,  0.00107, 0.00018555937367728786,     5.766348413424108
277Cn_l_mean         , Viola-Seaborg      , 11.11 ,  0.00061, 0.00018555937367728786,     3.2873575067184166
277Cn_l_lower        , Viola-Seaborg      , 11.11 ,  0.00043, 0.00018555937367728786,     2.317317586703146
277Cn_h_upper        , Viola-Seaborg      , 11.39 ,  0.00107, 4.074233698854668e-05 ,    26.262607378187315
277Cn_h_mean         , Viola-Seaborg      , 11.39 ,  0.00061, 4.074233698854668e-05 ,    14.972140654854451
277Cn_h_lower        , Viola-Seaborg      , 11.39 ,  0.00043, 4.074233698854668e-05 ,    10.554131937028547
273Ds_a              , Viola-Seaborg      , 10.858,  0.00576, 0.0002042174206783861 ,    28.205233328606163
273Ds_a_upper        , Viola-Seaborg      , 10.858,  0.03339, 0.0002042174206783861 ,   163.50221195176385
273Ds_a_lower        , Viola-Seaborg      , 10.858,  0.00313, 0.0002042174206783861 ,    15.326802138634944
273Ds_b              , Viola-Seaborg      , 10.894,  0.017  , 0.00016704405382030486,   101.76956085062146
273Ds_b_upper        , Viola-Seaborg      , 10.894,  0.049  , 0.00016704405382030486,   293.33579304002654
273Ds_b_lower        , Viola-Seaborg      , 10.894,  0.01   , 0.00016704405382030486,    59.86444755918909
273Ds_c              , Viola-Seaborg      , 11.165,  0.00016, 3.79795227531868e-05  ,     4.212796486142646
273Ds_c_upper        , Viola-Seaborg      , 11.165,  0.00024, 3.79795227531868e-05  ,     6.319194729213969
273Ds_c_lower        , Viola-Seaborg      , 11.165,  0.00011, 3.79795227531868e-05  ,     2.896297584223069
269Hs_a              , Viola-Seaborg      ,  9.13 ,  9.6    , 2.612013736105652     ,     3.6753252355835597
269Hs_a_upper        , Viola-Seaborg      ,  9.13 , 14.05   , 2.612013736105652     ,     5.378991620828023
269Hs_a_lower        , Viola-Seaborg      ,  9.13 ,  6.92   , 2.612013736105652     ,     2.649296940649816
269Hs_b              , Viola-Seaborg      ,  8.95 ,  6.49   , 9.571159993033376     ,     0.6780787286727962
269Hs_b_upper        , Viola-Seaborg      ,  8.95 , 37.58   , 9.571159993033376     ,     3.926378832592246
269Hs_b_lower        , Viola-Seaborg      ,  8.95 ,  3.52   , 9.571159993033376     ,     0.3677715138564318
265Sga->261Rfa_upper , Viola-Seaborg      ,  8.84 , 11.1    , 4.409479916204197     ,     2.766267775248743
265Sga->261Rfa_center, Viola-Seaborg      ,  8.84 ,  8.5    , 4.409479916204197     ,     2.118313161226515
265Sga->261Rfa_lower , Viola-Seaborg      ,  8.84 ,  6.9    , 4.409479916204197     ,     1.7195718602897592
265Sga->261Rfb_upper , Viola-Seaborg      ,  8.84 , 11.1    , 4.409479916204197     ,    27.97004083862618
265Sga->261Rfb_center, Viola-Seaborg      ,  8.84 ,  8.5    , 4.409479916204197     ,    21.418499741290315
265Sga->261Rfb_lower , Viola-Seaborg      ,  8.84 ,  6.9    , 4.409479916204197     ,    17.38678214292979
265Sgb->261Rfa_upper , Viola-Seaborg      ,  8.69 , 18.1    , 13.376845954381604    ,     6.765421408651013
265Sgb->261Rfa_center, Viola-Seaborg      ,  8.69 , 14.4    , 13.376845954381604    ,     5.38243471185495
265Sgb->261Rfa_lower , Viola-Seaborg      ,  8.69 , 11.9    , 13.376845954381604    ,     4.4479842410467985
265Sgb->261Rfb_upper , Viola-Seaborg      ,  8.69 , 18.1    , 13.376845954381604    ,     1.6913553521627533
265Sgb->261Rfb_center, Viola-Seaborg      ,  8.69 , 14.4    , 13.376845954381604    ,     1.3456086779637375
265Sgb->261Rfb_lower , Viola-Seaborg      ,  8.69 , 11.9    , 13.376845954381604    ,     1.1119960602616996
261Rfa->257No_upper  , Viola-Seaborg      ,  8.28 , 71.0    , 60.313083625615995    ,     1.1771906812246802
261Rfa->257No_center , Viola-Seaborg      ,  8.28 , 68.0    , 60.313083625615995    ,     1.1274502299053275
261Rfa->257No_lower  , Viola-Seaborg      ,  8.28 , 65.0    , 60.313083625615995    ,     1.0777097785859748
261Rfb->257No_upper  , Viola-Seaborg      ,  8.51 ,  3.3    , 10.204948016935132    ,     1.7965141324491931
261Rfb->257No_center , Viola-Seaborg      ,  8.51 ,  2.6    , 10.204948016935132    ,     1.4154353770811825
261Rfb->257No_lower  , Viola-Seaborg      ,  8.51 ,  2.1    , 10.204948016935132    ,     1.143236266104032
257No->253Fm_1_upper , Viola-Seaborg      ,  8.222, 25.0    , 17.632079507443887    ,     1.7082773427260591
257No->253Fm_1_center, Viola-Seaborg      ,  8.222, 24.5    , 17.632079507443887    ,     1.674111795871538
257No->253Fm_1_lower , Viola-Seaborg      ,  8.222, 24.0    , 17.632079507443887    ,     1.6399462490170167
257No->253Fm_2_upper , Viola-Seaborg      ,  8.323, 25.0    , 8.081969314051987     ,    18.19591461127216
257No->253Fm_2_center, Viola-Seaborg      ,  8.323, 24.5    , 8.081969314051987     ,    17.831996319046713
257No->253Fm_2_lower , Viola-Seaborg      ,  8.323, 24.0    , 8.081969314051987     ,    17.468078026821267
277Cn_l_upper        , Xu2022_Unified     , 11.11 ,  0.00107, 0.0001497824494013979 ,     7.143694099517202
277Cn_l_mean         , Xu2022_Unified     , 11.11 ,  0.00061, 0.0001497824494013979 ,     4.072573271687377
277Cn_l_lower        , Xu2022_Unified     , 11.11 ,  0.00043, 0.0001497824494013979 ,     2.8708303390583145
277Cn_h_upper        , Xu2022_Unified     , 11.39 ,  0.00107, 3.551720395726275e-05 ,    30.126245334162924
277Cn_h_mean         , Xu2022_Unified     , 11.39 ,  0.00061, 3.551720395726275e-05 ,    17.174775377419984
277Cn_h_lower        , Xu2022_Unified     , 11.39 ,  0.00043, 3.551720395726275e-05 ,    12.10680887260753
273Ds_a              , Xu2022_Unified     , 10.858,  0.00576, 0.0001585179581763096 ,    36.33657704317333
273Ds_a_upper        , Xu2022_Unified     , 10.858,  0.03339, 0.0001585179581763096 ,   210.63859504714537
273Ds_a_lower        , Xu2022_Unified     , 10.858,  0.00313, 0.0001585179581763096 ,    19.745396900196614
273Ds_b              , Xu2022_Unified     , 10.894,  0.017  , 0.0001308612672998718 ,   129.9085692105066
273Ds_b_upper        , Xu2022_Unified     , 10.894,  0.049  , 0.0001308612672998718 ,   374.4423465479308
273Ds_b_lower        , Xu2022_Unified     , 10.894,  0.01   , 0.0001308612672998718 ,    76.41680541794507
273Ds_c              , Xu2022_Unified     , 11.165,  0.00016, 3.195563436279156e-05 ,     5.006941755044629
273Ds_c_upper        , Xu2022_Unified     , 11.165,  0.00024, 3.195563436279156e-05 ,     7.5104126325669425
273Ds_c_lower        , Xu2022_Unified     , 11.165,  0.00011, 3.195563436279156e-05 ,     3.442272456593182
269Hs_a              , Xu2022_Unified     ,  9.13 ,  9.6    , 1.4780654756376905    ,     6.494976141607133
269Hs_a_upper        , Xu2022_Unified     ,  9.13 , 14.05   , 1.4780654756376905    ,     9.505668207247941
269Hs_a_lower        , Xu2022_Unified     ,  9.13 ,  6.92   , 1.4780654756376905    ,     4.681795302075142
269Hs_b              , Xu2022_Unified     ,  8.95 ,  6.49   , 5.28623424498675      ,     1.2277170664835468
269Hs_b_upper        , Xu2022_Unified     ,  8.95 , 37.58   , 5.28623424498675      ,     7.109030409622756
269Hs_b_lower        , Xu2022_Unified     ,  8.95 ,  3.52   , 5.28623424498675      ,     0.6658804428385339
265Sga->261Rfa_upper , Xu2022_Unified     ,  8.84 , 11.1    , 2.4987808467685433    ,     4.881501398402568
265Sga->261Rfa_center, Xu2022_Unified     ,  8.84 ,  8.5    , 2.4987808467685433    ,     3.7380866564343993
265Sga->261Rfa_lower , Xu2022_Unified     ,  8.84 ,  6.9    , 2.4987808467685433    ,     3.0344468152232182
265Sga->261Rfb_upper , Xu2022_Unified     ,  8.84 , 11.1    , 2.4987808467685433    ,    49.35740302829263
265Sga->261Rfb_center, Xu2022_Unified     ,  8.84 ,  8.5    , 2.4987808467685433    ,    37.79620952617004
265Sga->261Rfb_lower , Xu2022_Unified     ,  8.84 ,  6.9    , 2.4987808467685433    ,    30.68162890947921
265Sgb->261Rfa_upper , Xu2022_Unified     ,  8.69 , 18.1    , 7.455277566186148     ,    12.139051724977765
265Sgb->261Rfa_center, Xu2022_Unified     ,  8.69 , 14.4    , 7.455277566186148     ,     9.657588112689492
265Sgb->261Rfa_lower , Xu2022_Unified     ,  8.69 , 11.9    , 7.455277566186148     ,     7.980923509792011
265Sgb->261Rfb_upper , Xu2022_Unified     ,  8.69 , 18.1    , 7.455277566186148     ,     3.0347629312444413
265Sgb->261Rfb_center, Xu2022_Unified     ,  8.69 , 14.4    , 7.455277566186148     ,     2.414397028172373
265Sgb->261Rfb_lower , Xu2022_Unified     ,  8.69 , 11.9    , 7.455277566186148     ,     1.9952308774480028
261Rfa->257No_upper  , Xu2022_Unified     ,  8.28 , 71.0    , 33.964816773417255    ,     2.0903984400577875
261Rfa->257No_center , Xu2022_Unified     ,  8.28 , 68.0    , 33.964816773417255    ,     2.0020717454074584
261Rfa->257No_lower  , Xu2022_Unified     ,  8.28 , 65.0    , 33.964816773417255    ,     1.9137450507571292
261Rfb->257No_upper  , Xu2022_Unified     ,  8.51 ,  3.3    , 5.848777847697153     ,     3.1345579898459883
261Rfb->257No_center , Xu2022_Unified     ,  8.51 ,  2.6    , 5.848777847697153     ,     2.469651749575627
261Rfb->257No_lower  , Xu2022_Unified     ,  8.51 ,  2.1    , 5.848777847697153     ,     1.9947187208110837
257No->253Fm_1_upper , Xu2022_Unified     ,  8.222, 25.0    , 10.41799719170663     ,     2.8911969713035255
257No->253Fm_1_center, Xu2022_Unified     ,  8.222, 24.5    , 10.41799719170663     ,     2.833373031877455
257No->253Fm_1_lower , Xu2022_Unified     ,  8.222, 24.0    , 10.41799719170663     ,     2.7755490924513846
257No->253Fm_2_upper , Xu2022_Unified     ,  8.323, 25.0    , 4.806318706974907     ,    30.59697712430112
257No->253Fm_2_center, Xu2022_Unified     ,  8.323, 24.5    , 4.806318706974907     ,    29.985037581815092
257No->253Fm_2_lower , Xu2022_Unified     ,  8.323, 24.0    , 4.806318706974907     ,    29.37309803932907
