runnum, date, Tsatrt, Tsustain/s, Teff/10s, ACCT_avg, beam_duty_ratio, target_duty_ratio, BeamDose   , Counts, crossSection/ub, TargetThickness(mg/cm2), DetectEff, BranchingRatio, Target, TranEff,ACCT_window_start,ACCT_window_end_exclusive,ACCT_sample_count,ACCT_raw_mean,ACCT_sample_variance,ACCT_sample_std,ACCT_rel_std_pct,ACCT_mean_sem,ACCT_rel_sem_pct,ACCT_avg_minus_raw_mean
    52, 5.11, 13:16 ,        600,       60, 5.84242 ,           0.975,               0.9, 9.60061E+14,  87712,             545,                     0.5,      0.55,          0.985,    169, 17.83%,2026-05-11 13:16:00,2026-05-11 13:26:00,2253,5.8424201235,0.1417244403,0.3764630663,6.443615,0.0079312526,0.135753,-0.0000001235
    53, 5.11, 13:34 ,        600,       60, 5.792027,           0.975,               0.9, 9.5178E+14 ,  86229,             545,                     0.5,      0.55,          0.985,    169, 17.68%,2026-05-11 13:34:00,2026-05-11 13:44:00,2170,5.7920274510,0.1387717578,0.3725208153,6.431613,0.0079968818,0.138067,-0.0000004510
    54, 5.11, 13:48 ,        600,       60, 5.698355,           0.975,               0.9, 9.36387E+14,  89390,             545,                     0.5,      0.55,          0.985,    169, 18.63%,2026-05-11 13:48:00,2026-05-11 13:58:00,2200,5.6983549472,0.1398719403,0.3739945726,6.563202,0.0079735911,0.139928,0.0000000528
    55, 5.11, 14:03 ,        600,       60, 5.749047,           0.975,               0.9, 9.44717E+14,  80099,             545,                     0.5,      0.55,          0.985,    169, 16.54%,2026-05-11 14:03:00,2026-05-11 14:13:00,2317,5.7490467557,0.1412333469,0.3758102539,6.536914,0.0078073852,0.135803,0.0000002443
    56, 5.11, 14:17 ,        600,       60, 5.783144,           0.975,               0.9, 9.5032E+14 ,  82837,             545,                     0.5,      0.55,          0.985,    169, 17.01%,2026-05-11 14:17:00,2026-05-11 14:27:00,2313,5.7831435658,0.1466438783,0.3829410898,6.621677,0.0079624030,0.137683,0.0000004342
    57, 5.11, 14:33 ,        600,       60, 5.733601,           0.975,               0.9, 9.42179E+14,  82290,             545,                     0.5,      0.55,          0.985,    169, 17.04%,2026-05-11 14:33:00,2026-05-11 14:43:00,2311,5.7336012894,0.1494484609,0.3865856450,6.742458,0.0080416608,0.140255,-0.0000002894
    58, 5.11, 14:46 ,        600,       60, 5.716467,           0.975,               0.9, 9.39363E+14,  75370,             545,                     0.5,      0.55,          0.985,    169, 15.66%,2026-05-11 14:46:00,2026-05-11 14:56:00,2318,5.7164671904,0.1700285675,0.4123452043,7.213287,0.0085645437,0.149822,-0.0000001904
    59, 5.11, 14:58 ,        600,       60, 5.799514,           0.975,               0.9, 9.5301E+14 ,  63309,             545,                     0.5,      0.55,          0.985,    169, 12.96%,2026-05-11 14:58:00,2026-05-11 15:08:00,2317,5.7995135943,0.1578178026,0.3972628886,6.849935,0.0082530596,0.142306,0.0000004057
    60, 5.11, 15:12 ,        600,       60, 5.744516,           0.975,               0.9, 9.43972E+14,  60972,             545,                     0.5,      0.55,          0.985,    169, 12.60%,2026-05-11 15:12:00,2026-05-11 15:22:00,2316,5.7445156100,0.1501695948,0.3875172187,6.745864,0.0080523330,0.140174,0.0000003900
    61, 5.11, 15:30 ,        600,       60, 5.752653,           0.975,               0.9, 9.4531E+14 ,  85735,             545,                     0.5,      0.55,          0.985,    169, 17.70%,2026-05-11 15:30:00,2026-05-11 15:40:00,2318,5.7526527666,0.1539356725,0.3923463680,6.820269,0.0081491614,0.141659,0.0000002334
    62, 5.11, 15:52 ,        600,       60, 5.724659,           0.975,               0.9, 9.40709E+14,  70465,             545,                     0.5,      0.55,          0.985,    169, 14.62%,2026-05-11 15:52:00,2026-05-11 16:02:00,2318,5.7246592880,0.1491320242,0.3861761570,6.745837,0.0080210041,0.140113,-0.0000002880
    63, 5.11, 16:07 ,        600,       60, 5.756335,           0.975,               0.9, 9.45915E+14,  68712,             545,                     0.5,      0.55,          0.985,    169, 14.17%,2026-05-11 16:07:00,2026-05-11 16:17:00,2317,5.7563346010,0.1561706128,0.3951842770,6.865207,0.0082098768,0.142623,0.0000003990
    64, 5.11, 16:21 ,        600,       30, 5.395572,           0.975,               0.9, 4.43316E+14,  23685,             545,                     0.5,      0.55,          0.985,    169, 10.43%,2026-05-11 16:21:00,2026-05-11 16:31:00,2315,2.6977863669,8.1960464199,2.8628738044,106.119367,0.0595013346,2.205561,2.6977856331
    65, 5.11, 16:43 ,        600,       60, 5.755703,           0.975,               0.9, 9.45811E+14,  57499,             545,                     0.5,      0.55,          0.985,    169, 11.86%,2026-05-11 16:43:00,2026-05-11 16:53:00,2621,5.7557031598,0.1508772843,0.3884292526,6.748598,0.0075871456,0.131820,-0.0000001598
    66, 5.11, 16:58 ,        600,       60, 5.809184,           0.975,               0.9, 9.54599E+14,  52404,             545,                     0.5,      0.55,          0.985,    169, 10.71%,2026-05-11 16:58:00,2026-05-11 17:08:00,2613,5.8091838920,0.1511967114,0.3888402132,6.693543,0.0076067907,0.130944,0.0000001080
    67, 5.11, 17:13 ,        600,       60, 5.658693,           0.975,               0.9, 9.29869E+14, 102634,             545,                     0.5,      0.55,          0.985,    169, 21.54%,2026-05-11 17:13:00,2026-05-11 17:23:00,3069,5.6586931139,0.1684201240,0.4103902094,7.252385,0.0074079586,0.130913,-0.0000001139
    68, 5.11, 17:28 ,        600,       60, 5.587359,           0.975,               0.9, 9.18147E+14, 109027,             545,                     0.5,      0.55,          0.985,    169, 23.17%,2026-05-11 17:28:00,2026-05-11 17:38:00,3437,5.5873591864,0.1642543380,0.4052830344,7.253570,0.0069130334,0.123726,-0.0000001864
    69, 5.11, 17:41 ,        600,       60, 5.546952,           0.975,               0.9, 9.11508E+14, 101340,             545,                     0.5,      0.55,          0.985,    169, 21.69%,2026-05-11 17:41:00,2026-05-11 17:51:00,3429,5.5469518425,0.1571123930,0.3963740569,7.145799,0.0067689527,0.122030,0.0000001575
    70, 5.11, 17:55 ,        600,       60, 5.544805,           0.975,               0.9, 9.11155E+14,  60001,             545,                     0.5,      0.55,          0.985,    169, 12.85%,2026-05-11 17:55:00,2026-05-11 18:05:00,3424,5.5448045820,0.1589516853,0.3986874531,7.190289,0.0068134283,0.122880,0.0000004180
    71, 5.11, 18:11 ,        600,       60, 5.550519,           0.975,               0.9, 9.12094E+14,  57757,             545,                     0.5,      0.55,          0.985,    169, 12.36%,2026-05-11 18:11:00,2026-05-11 18:21:00,3357,5.5505186758,0.1621722696,0.4027061827,7.255289,0.0069504453,0.125222,0.0000003242
    72, 5.11, 18:29 ,        600,       60, 5.52481 ,           0.975,               0.9, 9.07869E+14,  46991,             545,                     0.5,      0.55,          0.985,    169, 10.10%,2026-05-11 18:29:00,2026-05-11 18:39:00,3006,5.5248095876,0.1544078202,0.3929476050,7.112419,0.0071670454,0.129725,0.0000004124
