record_id,source_csv_line,isotope,state_label,symbol,A,Z,N,Qalpha_MeV,Ealpha_MeV,T_alpha_half_s,b_alpha_percent,b_SF_percent,alpha_daughter,alpha_daughter_population_raw,Qalpha_estimated,Qalpha_is_experimental,T_alpha_half_qualifier,cell_record_index,cell_record_count,Tcalc_s__poenaru,log10_Tcalc_s__poenaru,HF__poenaru,log10_HF__poenaru,Tcalc_s__dzr,log10_Tcalc_s__dzr,HF__dzr,log10_HF__dzr,Tcalc_s__ismail2022_formula_e,log10_Tcalc_s__ismail2022_formula_e,HF__ismail2022_formula_e,log10_HF__ismail2022_formula_e,Tcalc_s__qi2009_udl,log10_Tcalc_s__qi2009_udl,HF__qi2009_udl,log10_HF__qi2009_udl,Tcalc_s__viola_seaborg,log10_Tcalc_s__viola_seaborg,HF__viola_seaborg,log10_HF__viola_seaborg,Tcalc_s__xu2022_unified,log10_Tcalc_s__xu2022_unified,HF__xu2022_unified,log10_HF__xu2022_unified,Tcalc_s__e_rurarz,log10_Tcalc_s__e_rurarz,HF__e_rurarz,log10_HF__e_rurarz
source-row-0002,2,240Es,,Es,240,99,141,8.26,,8.57142857143,70,,,,False,True,,1,1,0.273432436707,-0.563149967284,31.3475192434,1.49620317765,21.3843806835,1.3300966771,0.400826598548,-0.397043466734,19.8742083077,1.29828983748,0.431284025945,-0.365236627113,2.76487245177,0.441675101365,3.10011717392,0.491378109004,2.84966020902,0.454793078204,3.00787741089,0.478260132166,4.55185271097,0.658188200696,1.88306369201,0.274865009673,1.95099079146,0.29025521956,4.3933721312,0.64279799081
source-row-0003,3,241Es,,Es,241,99,142,8.259,,4.3,100,,,,False,True,,1,1,0.271064901081,-0.566926713529,15.8633595971,1.20039516911,7.02573920311,0.846692024654,0.612035242939,-0.213223569074,12.5904977112,1.10004289841,0.341527404128,-0.466574442834,2.67361513945,0.427098891765,1.60830926507,0.206369563814,2.87123535398,0.458068792895,1.4976132117,0.175399662685,2.76565731617,0.441798367054,1.55478409233,0.191670088526,1.93142133945,0.28587702543,2.22633969718,0.34759143015
source-row-0004,4,242Es,,Es,242,99,143,8.16,,31.2280701754,57,,,,False,True,,1,1,0.549141156904,-0.260316005668,56.867109272,1.7548611523,42.5931009066,1.62933925918,0.733172028116,-0.13479411254,41.820295726,1.62138709954,0.746720453151,-0.126841952905,5.47580526862,0.738447995293,5.70291831859,0.756097151343,6.1001312149,0.785339176862,5.11924564822,0.709205969774,8.94319011145,0.951492462942,3.49182671801,0.543052683694,4.02884570397,0.605180635172,7.75112090907,0.889364511464
source-row-0005,5,243Es,,Es,243,99,144,8.072,,36.0655737705,61,1,,,False,True,,1,1,1.0407786139,0.0173583596853,34.6524931325,1.53973448613,27.8762592965,1.44523449554,1.29377379464,0.111858350269,50.0591840474,1.69948376643,0.720458682194,-0.142390920623,10.4320379875,1.01836915984,3.45719348547,0.53872368597,12.0583092693,1.08128641838,2.99093122968,0.475806427436,10.63685563,1.02681326477,3.39062360391,0.530279581043,7.83933596287,0.894279276986,4.60059039966,0.662813568825
source-row-0006,6,244Es,,Es,244,99,145,7.94,,925,4,,,,True,False,,1,1,2.79958527286,0.447093700253,330.406081561,2.51904803249,227.325626334,2.35664839634,4.06905290405,0.609493336397,240.296220695,2.38074694041,3.84941551442,0.585394792331,28.6055653251,1.45645053505,32.3363649516,1.50969119769,34.2293430641,1.53439856416,27.0235978022,1.43174316858,46.0296242189,1.66303742937,20.095753891,1.30310430337,21.9747375978,1.34192369783,42.0937904665,1.62421803491
source-row-0007,7,245Es,,Es,245,99,146,7.909,,124.444444444,54,,,,False,True,,1,1,3.51697456645,0.54616922766,35.3839477918,1.54880628557,95.633881081,1.98061178098,1.30125895799,0.114363732255,172.028665619,2.23560082065,0.723393650684,-0.140625307414,35.2797934681,1.54752603406,3.5273575101,0.547449479173,43.8988111451,1.64245275896,2.83480215519,0.452522754267,35.6010945853,1.55146335092,3.49552298585,0.543512162307,27.843177074,1.44471878938,4.46947717617,0.650256723852
source-row-0008,8,246Es,,Es,246,99,147,7.64,,4545.45454545,9.9,,,,True,False,,1,1,29.6957908873,1.47269489632,153.067300437,2.18488242286,2603.04521573,3.41548171201,1.74620652688,0.242095607169,3005.30900902,3.47788913325,1.51247493413,0.17968818593,316.783241766,2.5007621988,14.3487847404,1.15681512038,405.068802822,2.60752879642,11.2214382193,1.05004852276,503.084267257,2.70164073603,9.03517530023,0.955936583149,257.24157815,2.41034116527,17.6699839044,1.24723615391
source-row-0009,9,247Es,,Es,247,99,148,7.464,,3900,7,,,,False,True,,1,1,128.118195374,2.10761081272,30.4406410707,1.48345379431,4010.74318664,3.6032248544,0.972388362583,-0.0121602473774,7785.65091671,3.89129492747,0.500921508262,-0.300230320439,1401.80154152,3.14668653323,2.78213419266,0.444378073797,1849.25194606,3.2669960844,2.10896087378,0.324068522623,1393.9996911,3.14426267753,2.79770506758,0.446801929501,1179.8404257,3.07182327263,3.30553176094,0.519241334401
source-row-0010,10,248Es,,Es,248,99,149,7.16,,480000,0.3,,,,True,False,,1,1,1849.37839167,3.26702577898,259.546668308,2.41421545839,187978.858605,5.27410900827,2.55347863883,0.407132229109,246201.424803,5.39129056193,1.94962316073,0.289950675449,21492.8918484,4.33229485334,22.3329649349,1.34894638404,29029.3151062,4.46283678957,16.5350094635,1.21840444781,34108.6177739,4.53286412031,14.0726898751,1.14837711707,19061.8001421,4.28016391177,25.1812523697,1.4010773256
source-row-0011,11,249Es,,Es,249,99,150,6.94,,1075789.47368,0.57,,,,True,False,,1,1,14361.9724754,4.15721409007,74.9054125768,1.87451320044,527413.802412,5.72215149109,2.0397446346,0.309575799423,1145594.84892,6.0590310522,0.939066262998,-0.0273037616858,171587.667352,5.23448607026,6.26962001575,0.797241220246,238137.35857,5.3768275321,4.5175166137,0.654899758406,172615.64707,5.2370801606,6.2322824839,0.794647129905,161325.330126,5.20770256249,6.6684473718,0.824024728017
source-row-0013,13,251Es,,Es,251,99,152,6.5971,,23760000,0.5,,,,False,True,,1,1,438063.008205,5.64153658116,54.2387728591,1.73430985515,17100950.9843,7.23302026219,1.38939641555,0.14282617412,40091602.565,7.60305341647,0.592642809963,-0.227206980161,5297133.61607,6.72404092781,4.48544471824,0.651805508495,7790342.11365,6.89155653018,3.04993024098,0.484289906132,5469766.76846,6.73796880836,4.34387808581,0.637877627952,5674124.9095,6.75389889207,4.18742984671,0.621947544238
source-row-0014,14,252Es,,Es,252,99,153,6.7386,,46268307.6923,78,,,,False,True,,1,1,103470.699199,5.01481738382,447.163381039,2.65046623123,10678924.4978,7.02852751597,4.33267485895,0.636756099083,16249131.0616,7.21083014161,2.84743273451,0.454453473445,1158744.13962,6.0639875507,39.9297015712,1.60129606435,1788511.01394,6.25249161895,25.8697359601,1.41279199611,1875487.63476,6.27311420516,24.6700147923,1.39216940989,1258047.45367,6.09969702305,36.7778715796,1.565586592
source-row-0015,15,253Es,,Es,253,99,154,6.73924,,1768608,100,,,,False,True,,1,1,103089.605466,5.01321487754,17.1560264685,1.2344167076,3464465.22636,6.53963620658,0.510499567593,-0.292004621436,7611413.70931,6.88146532814,0.232362615875,-0.633833743,1106825.53968,6.04407917181,1.59791036309,0.203552413335,1776834.39847,6.24964695331,0.995370194052,-0.00201536816541,1124109.43421,6.05080859269,1.5733414792,0.19682299245,1250976.62085,6.09724919336,1.41378181696,0.15038239178
source-row-0016,16,254Es,,Es,254,99,155,6.6172,,23820480,100,3e-06,,,False,True,,1,1,359541.405056,5.55574891127,66.2523972623,1.82120159731,35530441.3603,7.55060060234,0.670424545489,-0.173650093759,57107322.4954,7.75669179853,0.417117787337,-0.379741289949,3805114.9425,6.5803677802,6.26012101078,0.796582728387,6302751.61592,6.79953019242,3.7793778736,0.57742031616,6212780.41974,6.79328600448,3.83410943099,0.583664504107,4592747.29096,6.66207254967,5.18654271418,0.714877958913
source-row-0017,17,255Es,,Es,255,99,156,6.4363,,42984000,8,0.0041,,,False,True,,1,1,2456292.09267,6.39028001015,17.4995474391,1.24302681741,84557273.2781,7.92715096981,0.508341841377,-0.293844142252,200178402.003,8.30141721801,0.214728460064,-0.668110390452,25844745.0555,7.41237225244,1.66316208219,0.220934575118,43976263.04,7.64321832166,0.977436394742,-0.0099114940971,27042580.898,7.43204813758,1.5894932574,0.201258689986,33982525.1814,7.53125564739,1.26488540126,0.102051180173
source-row-0020,20,241Fm,,Fm,241,100,141,8.86,,0.00521428571429,14,78,,,True,False,>,1,1,0.0080062435348,-2.09657120361,0.651277430123,-0.186233971946,0.261637033756,-0.582300783217,0.0199294634993,-1.70050439234,0.217200372917,-0.663139433431,0.0240067990872,-1.61966574213,0.0831332935877,-1.08022501321,0.0627219912656,-1.20258016235,0.0862915986274,-1.06403148525,0.0604263427405,-1.21877369031,0.0911266694399,-1.04035450233,0.0572201941137,-1.24245067323,0.0626621079306,-1.2029949997,0.0832127403065,-1.07981017586
source-row-0022,22,243Fm,,Fm,243,100,143,8.69,,0.253846153846,91,9,,,False,True,,1,1,0.0236865383417,-1.62549840441,10.7168954021,1.03006899198,0.801852129986,-0.0959057128283,0.316574770277,-0.499523699601,0.697253800558,-0.156609109824,0.364065643877,-0.438820302605,0.251591596301,-0.599303869352,1.00896117986,0.0038744569228,0.28207867608,-0.549629743376,0.899912596633,-0.0457996690534,0.270407811078,-0.567980767393,0.938753036882,-0.0274486450355,0.195010132279,-0.709942823106,1.30170751068,0.114513410677
source-row-0023,23,244Fm,,Fm,244,100,144,8.55,,0.321,1,97,,,True,False,>,1,1,0.0602380021115,-1.22012944063,5.32886199323,0.726634473036,0.925727531381,-0.033516820046,0.346754297694,-0.459978147549,0.914128296408,-0.0389928474698,0.351154210258,-0.454502120125,0.660682731237,-0.180007044526,0.485861041651,-0.313487923069,0.768183416958,-0.114535072335,0.417868952796,-0.37895989526,0.439522192206,-0.357019191787,0.730338548752,-0.136475775809,0.518360344192,-0.285368230435,0.619260334238,-0.20812673716
source-row-0024,24,245Fm,,Fm,245,100,145,8.373,,5.4,100,0.3,,,False,True,,1,1,0.204586727977,-0.689122543416,26.3946740504,1.42151630324,7.71230631422,0.887184270368,0.700179658326,-0.154790510545,6.98198188924,0.843978717951,0.773419365112,-0.111584958128,2.34705251445,0.370522806889,2.30075806432,0.361870952934,2.82548237045,0.451092601869,1.91117808997,0.281301157954,2.44310647709,0.387942395097,2.21030071781,0.344451364726,1.86600045448,0.270911745187,2.89388997041,0.461482014636
source-row-0025,25,246Fm,,Fm,246,100,146,8.379,,1.6452991453,93.6,6.4,,,False,True,,1,1,0.193643607984,-0.712996834145,8.49653217284,0.929241706243,3.05979894074,0.485692889946,0.537714790144,-0.269448017848,2.81068990397,0.448812933682,0.585371991045,-0.232568061584,2.15412789928,0.333271485546,0.763788977363,-0.117026613448,2.70162945141,0.43162578205,0.609002520475,-0.215380909952,1.40987105664,0.14917939496,1.16698554634,0.0670654771379,1.75920965792,0.245317600602,0.935249040891,-0.0290727285035
source-row-0026,26,247Fm,,Fm,247,100,147,8.258,,48.4375,64,,,,False,True,,1,1,0.456836593034,-0.340239115979,106.028065042,2.02542083583,17.1417528469,1.23405522907,2.82570285739,0.451126490781,16.2849107363,1.21178538238,2.97437921426,0.473396337474,5.17846966098,0.714201436196,9.35363209037,0.970980283654,6.73437372517,0.828297213964,7.19257676761,0.856884505887,5.33863973898,0.727430614873,9.07300405501,0.957751104977,4.32107134648,0.635591437134,11.2096043125,1.04959028272
source-row-0027,27,248Fm,,Fm,248,100,148,7.995,,34.8484848485,99,0.1,,,False,True,approx,1,1,3.22552507272,0.508600422111,10.8039727061,1.03358347837,58.0988565045,1.76416758474,0.599813609856,-0.221983684261,48.7621461235,1.68808281157,0.714662655745,-0.145898911095,39.2617237654,1.59396936315,0.887594366888,-0.0517854626785,52.6424205073,1.72133585,0.661984850101,-0.179151949522,24.977847662,1.39755501255,1.39517565004,0.144628887927,33.4966381767,1.52500122212,1.04035768201,0.0171826783517
source-row-0028,28,249Fm,,Fm,249,100,149,7.709,,615.384615385,15.6,,,,False,True,,1,1,30.6455990197,1.48636811479,20.0806848314,1.3027785199,1417.57773097,3.15154688217,0.434109962325,-0.362400247487,1386.83010576,3.14202326089,0.443734681578,-0.352876626209,401.779980031,2.60398829284,1.53164579115,0.185158341841,554.479390478,2.74388540843,1.1098421798,0.0452612262523,401.909369741,2.60412813105,1.53115269689,0.185018503638,354.421888506,2.54952053535,1.73630533367,0.239626099337
source-row-0029,29,250Fm,,Fm,250,100,150,7.557,,1860,100,0.0069,,,False,True,,1,1,107.096637167,2.02977583421,17.3674921005,1.23973711001,2233.02796712,3.34889416234,0.832949711059,-0.0793812181236,1691.90651542,3.22837636286,1.09935152034,0.0411365813547,1433.10576045,3.15627824168,1.2978804854,0.11323470254,2045.55590066,3.31081135233,0.909288276794,-0.041298408117,897.837285341,2.9531976368,2.07164486301,0.316315307419,1313.89286943,3.1185599557,1.41564053149,0.150952988517
source-row-0030,30,251Fm,,Fm,251,100,151,7.4245,,1060000,1.8,,,,False,True,,1,1,330.154708065,2.51871749477,3210.61603577,3.50658837049,16273.9404986,4.21149272378,65.1348086282,1.81381314149,16570.062687,4.21932415142,63.9707899736,1.80598171384,4464.5256547,3.64977532291,237.427239081,2.37553054235,6593.9228229,3.81914385973,160.754080457,2.20616200553,4447.03073316,3.64807013084,238.361293997,2.37723573442,4270.15901338,3.63044404771,248.234315556,2.39486181756
source-row-0031,31,252Fm,,Fm,252,100,152,7.1527,,91368,100,0.0023,,,False,True,,1,1,3717.62076202,3.57026508491,24.5770092887,1.39052903362,86988.0047159,4.93945936934,1.05035171572,0.0213347491815,59018.2402363,4.77098625587,1.54813155448,0.189807862651,53027.5822833,4.72450182654,1.7230278294,0.236292291991,80493.4581389,4.90576058584,1.13509845536,0.0550335326877,33358.7852737,4.52321022786,2.73894865327,0.437583890665,53963.6258955,4.73210112287,1.69314049017,0.22869299566
source-row-0032,32,253Fm,,Fm,253,100,153,7.1979,,2160000,12,,,,False,True,,1,1,2458.07049886,3.39059433454,878.738018701,2.94385941661,124301.505328,5.09447638811,17.3771025082,1.23997736304,132021.03567,5.12064313536,16.3610290514,1.2138106158,33223.0117588,4.52143899991,65.0151773019,1.81301475124,52577.4790052,4.72079975864,41.0822283774,1.61365399251,33175.6596435,4.52081956685,65.107974437,1.8136341843,34908.3647616,4.54292950531,61.8762870949,1.79152424584
source-row-0033,33,254Fm,,Fm,254,100,154,7.3073,,11671.0026016,99.94,0.06,,,False,True,,1,1,918.899274407,2.96326790859,12.7010684703,1.10384025727,18350.87784,4.26365684417,0.635991515138,-0.196548678303,11342.2835096,4.05470049863,1.02898173826,0.0124076672381,11522.5573772,4.06154887939,1.01288301021,0.00555928647279,19065.7601453,4.28025412513,0.612144625372,-0.213145959259,7203.92229987,3.85756901996,1.62009001704,0.209539145912,12420.2987345,4.09413204167,0.939671649698,-0.0270238758001
source-row-0034,34,255Fm,,Fm,255,100,155,7.2406,,97452,100,2.4e-05,,,False,True,,1,1,1672.12641416,3.22326910737,58.2802826237,1.76552164917,75957.2647377,4.88056931717,1.28298458793,0.108221439371,85237.8722403,4.93063260005,1.14329461117,0.058158156484,20568.6114248,4.31320497371,4.73789882978,0.675585782825,35290.8707199,4.5476623737,2.76139403795,0.441128382843,20476.3421458,4.31125237771,4.7592484686,0.677538378832,23219.5212454,4.36585326094,4.1969857591,0.622937495598
source-row-0035,35,256Fm,,Fm,256,100,156,7.0253,,116370.37037,8.1,91.9,,,False,True,,1,1,12290.5994698,4.08957306597,9.46824202156,0.976269350576,255301.840131,5.40705394507,0.455814851592,-0.341211528521,139852.419591,5.14566998451,0.832094079679,-0.0798275679696,154764.529352,5.18967143134,0.751918872222,-0.12382901479,273313.09632,5.43666044224,0.425776781052,-0.370818025697,97518.6801884,4.98908781494,1.19331363125,0.0767546016088,187536.676369,5.27308621493,0.620520596951,-0.207243798382
source-row-0036,36,257Fm,,Fm,257,100,157,6.8637,,8701473.0935,99.79,0.21,,,False,True,,1,1,58857.6529385,4.76980293979,147.839281029,2.16978984182,2884879.62798,6.46012769687,3.01623437217,0.47946508474,3350531.73205,6.52511373539,2.59704243666,0.414479046224,742712.26028,5.87082059307,11.7158064554,1.06877218854,1352786.87641,6.13122938145,6.43225717608,0.808363400156,751619.830917,5.87599823011,11.5769604999,1.0635945515,966482.356967,5.98519393044,9.00324049453,0.954398851172
source-row-0039,39,244Md,,Md,244,101,143,8.95,,0.3,100,,,,False,True,approx,1,1,0.00737385460257,-2.13230543005,40.6842847017,1.60942668477,0.741883540246,-0.12966426426,0.404376136854,-0.39321448102,0.64731594945,-0.188883692113,0.46345219866,-0.333995053168,0.0927456800771,-1.03270630988,3.23465200482,0.509827564598,0.10280622083,-0.987980605277,2.91811135141,0.465101859997,0.16246274881,-0.789246202936,1.84657715197,0.266367457655,0.0744514609344,-1.12812677582,4.02947096316,0.605248030543
source-row-0041,41,247Md,,Md,247,101,146,8.764,,1.21040952189,99.14,0.86,,,False,True,,1,1,0.0237653508309,-1.62405577014,50.9316917096,1.70698810162,0.827021848873,-0.0824830167842,1.46357623265,0.165415348263,1.49664012517,0.175117384551,0.808751216494,-0.092185053073,0.300028052517,-0.522838137001,4.03432116342,0.60577046848,0.374410959354,-0.426651447547,3.23283678441,0.509583779026,0.323284299501,-0.490415386653,3.74410240076,0.573347718131,0.254819853981,-0.593766737489,4.75005971073,0.676699068968
source-row-0042,42,248Md,,Md,248,101,147,8.5,,35,20,,,,False,True,,1,1,0.141715975959,-0.848581188004,246.972860774,2.39264923235,16.2200437109,1.21005202024,2.15782402463,0.334016024106,16.4145481732,1.21522893284,2.13225485287,0.328839111508,1.9526988254,0.290635265023,17.9239110224,1.25343277933,2.52052395392,0.401490829133,13.8860017361,1.14257721522,3.25755523985,0.512891788977,10.7442537188,1.03117625537,1.67305543738,0.223510331726,20.9198088827,1.32055771262
source-row-0043,43,249Md,,Md,249,101,148,8.441,,34.1333333333,75,,,,True,False,,1,1,0.212242812432,-0.673167008147,160.822093065,2.20634571007,8.27361720553,0.917695423573,4.12556352142,0.615483278348,15.4788539157,1.18973880153,2.20515895552,0.343439900387,2.9112749037,0.464083216611,11.7245311633,1.06909548531,3.90714849667,0.591859917511,8.73612389251,0.941318784409,3.0355940338,0.482243690587,11.2443669849,1.05093501133,2.55770779549,0.407850927142,13.3452825978,1.12532777478
source-row-0044,44,250Md,,Md,250,101,149,8.155,,762.857142857,7,,,,False,True,,1,1,1.6809859595,0.225564085993,453.815297234,2.65687913102,217.029249213,2.33651826802,3.51499692149,0.545924948992,241.346908472,2.38264174011,3.16083246181,0.499801476909,25.2331051029,1.40197069666,30.2323927137,1.48047252036,34.9751552808,1.54375965132,21.8114011713,1.33868356569,40.9604251218,1.61236445546,18.6242486642,1.27007876155,22.646361236,1.35499843054,33.6856387174,1.52744478648
source-row-0045,45,251Md,,Md,251,101,150,7.963,,2526,10,,,,False,True,>,1,1,7.21170714981,0.858038082748,350.263806825,2.54439526347,339.464796759,2.53079474366,7.44112504189,0.871638602555,686.370210578,2.83655842627,3.68022965022,0.565874919954,113.39970477,2.0546119239,22.2751902672,1.34782142232,162.693222909,2.2113694625,15.5261537932,1.19106388372,114.436983663,2.05856640212,22.0732836462,1.3438669441,105.01923583,2.02126885383,24.0527364348,1.38116449239
source-row-0047,47,253Md,,Md,253,101,152,7.573,,51428.5714286,0.7,,,,False,True,approx,1,1,168.115455004,2.22560764035,305.912216265,2.4855968204,9004.35412807,3.95445256683,5.71152252534,0.756751893922,19500.959457,4.2900559794,2.63723287779,0.421148481358,2875.84460104,3.45876541484,17.8829452085,1.25243904592,4413.66888223,3.64479974885,11.6521136499,1.0664047119,2871.44162585,3.45809999184,17.910366335,1.25310446891,2896.21508476,3.4618308112,17.7571657917,1.24937364955
source-row-0049,49,255Md,,Md,255,101,154,7.9056,,23142.8571429,7,,,,False,True,,1,1,11.1125329301,1.04581306094,2082.59064683,3.31860391359,461.42096625,2.6640973243,50.1556254172,1.70031965023,896.072454554,2.95234312723,25.8269931468,1.4120738473,155.014038178,2.19037102996,149.295234256,2.17404594457,260.413932789,2.41566421635,88.8695043886,1.94875275818,155.830056191,2.19265122727,148.513436422,2.17176574726,164.451210913,2.2160370757,140.727800144,2.14837989883
source-row-0050,50,256Md,,Md,256,101,155,7.74,,50673.9130435,9.2,3,,,True,False,,1,1,41.8825064108,1.62203266364,1209.90641168,3.0827517782,5329.38864335,3.72667739213,9.50839138119,0.978107049707,7030.77905062,3.84700345,7.20743927218,0.857780991835,599.255310091,2.77761189107,84.5614752012,1.92717255077,1041.69673284,3.01774130205,48.6455524394,1.68704313979,952.893821537,2.97904451104,53.1789711489,1.7257399308,664.884230025,2.82274603231,76.2146412189,1.88203840953
source-row-0051,51,257Md,,Md,257,101,156,7.5571,,132480,15,1,,,False,True,,1,1,191.980936846,2.28325810665,690.068515014,2.83889221279,8748.78372633,3.94194768072,15.1426763015,1.18020263872,18138.4840221,4.25860098679,7.3038077404,0.863549332656,2825.16710859,3.45104414143,46.8928013487,1.67110617801,5076.71833503,3.70558306868,26.0955978365,1.41656725076,2813.08976732,3.44918359097,47.0941245953,1.67296672847,3303.8195867,3.51901632356,40.0990418887,1.60313399588
source-row-0052,52,258Md,,Md,258,101,157,7.2713,,4449600,100,,,,False,True,,1,1,2350.03391286,3.37107412953,1893.41948457,3.27724684199,346014.658949,5.53909449812,12.8595707867,1.1092264734,516094.258882,5.71272902793,8.6216808721,0.935591943587,36712.9721035,4.56481954429,121.199667176,2.08350142723,67909.0701049,4.83192778361,65.5229116394,1.81639318791,58323.8719367,4.7658463477,76.2912312274,1.88247462382,46235.7347023,4.66497776311,96.2372508764,1.98334320841
source-row-0053,53,259Md,,Md,259,101,158,7.05,,445846.153846,1.3,100,,,True,False,>,1,1,18340.3688796,4.26340806638,24.3095521564,1.38577695811,977078.333916,5.98992938319,0.456305434651,-0.340744358698,2284629.90196,6.35881585668,0.19515027509,-0.709630832187,295350.044171,5.47033704015,1.50955167485,0.178847984347,563287.974137,5.75073047941,0.791506608195,-0.101545454913,297360.744947,5.47328363608,1.49934435336,0.175901388411,402469.299514,5.60473275785,1.10777680281,0.0444522666457
source-row-0054,54,260Md,,Md,260,101,159,6.94,,54950400,5,100,,,True,False,>,1,1,53231.1252598,4.72616564688,1032.29829788,3.01380521125,8339378.10128,6.92113366488,6.58926832824,0.818837193251,13738078.0644,7.13792597985,3.99986080605,0.602044878273,847852.594606,5.92832035354,64.8112659554,1.81165050459,1673783.87447,6.22369937947,32.8300450484,1.51627147865,1366715.19751,6.13567802369,40.2061820195,1.60429283444,1234560.95238,6.09151253666,44.5100745281,1.64845832147
source-row-0055,55,249No,,No,249,102,147,9.276,,0.0381,100,,,,False,True,,1,1,0.00150415421288,-2.82270763557,25.3298496084,1.40363261125,0.065236319838,-1.1855105467,0.58403049244,-0.233564477626,0.0581818974634,-1.23521211938,0.654842857677,-0.183862904942,0.0195828038228,-1.70812512675,1.94558452123,0.289050102427,0.0251804062922,-1.59893726672,1.51308122506,0.179862242397,0.0223922009239,-1.64990321763,1.70148526844,0.230828193302,0.0180997808413,-1.74232668369,2.10499786346,0.323251659371
source-row-0056,56,250No,,No,250,102,148,8.95,,0.00023,2,100,,,True,False,>,1,1,0.0114729120114,-1.94032633712,0.0200472207729,-1.69794582687,0.253251842883,-0.596447385647,0.000908186875883,-3.04182477834,0.240651838604,-0.618610815921,0.00095573755569,-3.01966134806,0.16983181589,-0.769980946772,0.00135428099143,-2.86829121721,0.226176571947,-0.645552382617,0.00101690461581,-2.99271978137,0.116735025586,-0.932798817162,0.00197027412162,-2.70547334682,0.156114672483,-0.806556277725,0.00147327599861,-2.83171588626
source-row-0057,57,251No,,No,251,102,149,8.752,,0.888888888889,90,0.0014,,,False,True,,1,1,0.0417653412472,-1.3791839658,21.2829313097,1.32803144336,2.30606778852,0.362872069544,0.385456530513,-0.414024591991,2.1307087353,0.328524086364,0.41717991491,-0.379676608811,0.658944420911,-0.181151214708,1.34895882062,0.12999869226,0.910591995094,-0.0406761718424,0.97616593785,-0.010476350605,0.704506966877,-0.15211470779,1.2617176702,0.100962185343,0.61407262533,-0.211780262548,1.4475305562,0.160627740101
source-row-0058,58,252No,,No,252,102,150,8.549,,3.64940828402,67.6,31,,,False,True,,1,1,0.165697546988,-0.780683920896,22.0245160557,1.34290637444,4.3140711499,0.634887303436,0.845931408458,-0.0726648498877,3.77836278879,0.57730365544,0.965870269222,-0.0150812018917,2.78505618427,0.444833960828,1.31035355934,0.11738849272,3.9917637704,0.601164832152,0.914234532386,-0.0389423786042,1.83321336291,0.263213014304,1.99071660607,0.299009439244,2.64591203544,0.422575401772,1.37926289126,0.139647051777
source-row-0059,59,253No,,No,253,102,151,8.415,,171.272727273,55,,,,False,True,,1,1,0.423496026964,-0.373150659656,404.42581835,2.60683887295,26.4700876969,1.42275538015,6.47042538105,0.810932833153,25.4797910394,1.40619586201,6.72190470511,0.827492351284,7.32588919636,0.8648603457,23.3791042537,1.3688278676,10.9020966247,1.03751002684,15.7100723987,1.19617818646,7.58553642854,0.879986298335,22.5788550205,1.35370191496,7.1485662866,0.854218948619,23.9590318403,1.37946926468
source-row-0060,60,254No,,No,254,102,152,8.226,,56.8888888889,90,0.17,,,False,True,,1,1,1.6686160006,0.22235640378,34.0934576131,1.53267104776,48.570943395,1.68637653887,1.17125352963,0.0686509126658,38.9462935096,1.59046613249,1.46070097466,0.164561319051,30.3832714243,1.48263453335,1.87237536388,0.272392918184,46.8795749153,1.67098366502,1.21351119313,0.084043786512,19.4946946246,1.28991643655,2.91817286623,0.465111014983,30.5680696607,1.48526801438,1.86105598163,0.269759437154
source-row-0061,61,255No,,No,255,102,153,8.4282,,704,30,,,,False,True,,1,1,0.380891975866,-0.419198176391,1848.29307155,3.26677083553,21.9272960243,1.34098507973,32.1061018751,1.50658757941,22.2623295776,1.34757060788,31.6229259632,1.50000205127,6.11614364372,0.786477676698,115.105210245,2.06109498244,9.86427570652,0.994065202289,71.3686459042,1.85350745685,6.34068224196,0.802135989424,111.029061722,2.04543666972,6.36280059296,0.803648312874,110.643102784,2.04392434627
source-row-0062,62,256No,,No,256,102,154,8.582,,2.92609351433,99.45,0.55,,,False,True,,1,1,0.128368080421,-0.89154295306,22.7945569079,1.35783115459,2.83142693249,0.452005358749,1.0334342309,0.0142828427768,2.10894516502,0.324065287735,1.38746780279,0.142222913791,1.85763238186,0.268959772992,1.57517361503,0.197328428534,3.12808146096,0.495278054357,0.935427529893,-0.0289898528318,1.22765346002,0.0890757921775,2.3834849244,0.377212409348,2.00262184233,0.301598948647,1.46113132918,0.164689252879
source-row-0063,63,257No,,No,257,102,155,8.477,,28.8235294118,85,1.5,,,False,True,,1,1,0.266910544761,-0.573634268322,107.989474292,2.03338142697,13.8379055584,1.14107036228,2.08294017401,0.318676796366,14.834615317,1.17127628892,1.94299136147,0.288470869734,3.90550252431,0.591676922847,7.3802357654,0.868070235804,6.82862089504,0.834333002635,4.22098837449,0.625414156016,4.06726355878,0.609302315609,7.08671296936,0.850444843041,4.34518708621,0.638008480154,6.63343806375,0.821738678497
source-row-0065,65,259No,,No,259,102,157,7.854,,4640,75,10,,,False,True,,1,1,29.1931119565,1.46528039281,158.941602626,2.20123758774,1961.10820171,3.29250155599,2.36600917581,0.374016424568,2166.06944041,3.33567237524,2.14212892414,0.330845605319,516.54643108,2.71310936527,8.98273556996,0.953408615289,963.761326172,2.98396949494,4.81447000829,0.682548485615,517.360822802,2.71379353863,8.96859560195,0.952724441921,629.789895196,2.79919568822,7.36753643619,0.867322292333
source-row-0068,68,251Lr,,Lr,251,103,148,9.438,,0.0244,100,,,,False,True,,1,1,0.000901979305378,-3.04480342661,27.0516184291,1.43219325295,0.041180758058,-1.38530566312,0.592509733931,-0.227304510537,0.0759677595897,-1.11937068144,0.321188885019,-0.493239492218,0.0143173957228,-1.84413597128,1.70422054907,0.231525797618,0.0187307530964,-1.72744476085,1.30267052662,0.11483458719,0.016593632705,-1.78005852712,1.47044353903,0.167448353454,0.0139229002571,-1.85627028811,1.75250842493,0.243660114452
source-row-0069,69,252Lr,,Lr,252,103,149,9.164,,0.585714285714,70,10,,,False,True,approx,1,1,0.00473937484992,-2.32427894042,123.584714074,2.09196475713,0.72772228921,-0.138034322986,0.804859620763,-0.0942798603083,0.696350840445,-0.157171895908,0.841119521504,-0.0751422873868,0.0841601458912,-1.07489352034,6.95952079826,0.842579337048,0.114360586484,-0.941723626082,5.12164464804,0.709409442788,0.149277248844,-0.826006377503,3.92366747278,0.593692194208,0.0817852256169,-1.08732514392,7.16161484298,0.855010960621
source-row-0070,70,253Lr,,Lr,253,103,150,8.918,,0.638383838384,99,1,,,False,True,,1,1,0.0226025426549,-1.6458427025,28.2438948631,1.45092458618,1.33047855978,0.124007880433,0.479815201599,-0.318925996748,2.62971389139,0.419908500524,0.242757906278,-0.614826616839,0.441278308158,-0.355287420568,1.44666942966,0.160369304253,0.622784580294,-0.205662148795,1.02504759845,0.0107440324801,0.477013205087,-0.321469598282,1.33829384926,0.126551481967,0.433088126369,-0.363423722812,1.47402756971,0.168505606497
source-row-0071,71,254Lr,,Lr,254,103,151,8.822,,16.7364016736,71.7,0.1,,,False,True,,1,1,0.0422186546199,-1.37449561045,396.4219567,2.59815770083,7.46499401293,0.873029463749,2.24198460771,0.350632626631,7.82266172143,0.893354550277,2.13947659628,0.330307540102,0.837905320191,-0.0768050520636,19.9740964407,1.30046714244,1.22998239941,0.0898988968908,13.6070253377,1.13376319349,1.42645417932,0.154257825774,11.7328701589,1.06940426461,0.84247189808,-0.0744445767619,19.8658278238,1.29810666714
source-row-0072,72,255Lr,,Lr,255,103,152,8.556,,31.1935807422,99.7,0.1,,,False,True,,1,1,0.257661059896,-0.588951211059,121.064396595,2.08301644177,17.6091007736,1.24573717885,1.77144654592,0.248328051864,36.4600044363,1.56181671716,0.855556142258,-0.067751486447,5.6478794285,0.75188541678,5.52306067032,0.742179813935,8.60358793337,0.934679601791,3.62564792547,0.559385628924,5.88615923445,0.76983200661,5.29947959268,0.724233224105,5.8037966609,0.763712188295,5.37468532493,0.730353042421
source-row-0073,73,256Lr,,Lr,256,103,153,8.85,,32.8235294118,85,0.03,,,False,True,,1,1,0.0345671876605,-1.46133595263,949.557416534,2.97752123019,5.58822557214,0.747273928358,5.87369442912,0.768911349201,6.03337712897,0.780560472658,5.44032449989,0.735624804902,0.632983899002,-0.198607336844,51.8552359128,1.7147926144,1.00738852831,0.00319700100011,32.5827905413,1.51298827656,1.08181555335,0.0341532210399,30.3411513266,1.48203205652,0.677616998754,-0.169015707795,48.4396487575,1.68520098535
source-row-0074,74,257Lr,,Lr,257,103,154,9.07,,6,100,0.03,,,False,True,,1,1,0.00822142569821,-2.08505286383,729.800428812,2.86320411421,0.382635342475,-0.417214918436,15.680726096,1.19536616882,0.689412814816,-0.161520648181,8.70305841589,0.939671898564,0.130507525409,-0.884364445034,45.9743603381,1.66251569542,0.216769692457,-0.664001438549,27.6791461574,1.44215268893,0.144097039977,-0.841344940316,41.6386068787,1.6194961907,0.145848885416,-0.836096885429,41.1384700191,1.61424813581
source-row-0075,75,258Lr,,Lr,258,103,155,8.904,,3.96303901437,97.4,2.6,,,False,True,,1,1,0.0239385499787,-1.6209021595,165.550504015,2.21893050729,3.47600181323,0.541079994323,1.14011419652,0.0569483534704,3.84265746163,0.58463167274,1.03132768246,0.0133966750527,0.398374913223,-0.39970801812,9.94801349892,0.997736365913,0.687294079287,-0.162857397316,5.76614746701,0.760885745109,0.685790064268,-0.163808811238,5.77879327926,0.761837159031,0.455696617869,-0.341324194692,8.69666102177,0.939352542485
source-row-0076,76,259Lr,,Lr,259,103,156,8.58,,7.94871794872,78,22,,,True,False,,1,1,0.214251759619,-0.669075602592,37.0998957621,1.5693726894,12.3563153772,1.09188898451,0.643291928544,-0.191591897707,24.0977550031,1.38197658468,0.329853048456,-0.481679497875,4.02275334095,0.604523404197,1.97593967987,0.295773682611,7.19200169606,0.856849781143,1.10521636182,0.0434473056647,4.20396907639,0.623659512779,1.89076508516,0.276637574029,4.72257792465,0.674179132706,1.68313113633,0.226117954101
source-row-0077,77,260Lr,,Lr,260,103,157,8.4,,225,80,,,,True,False,,1,1,0.769057974077,-0.114040920442,292.56572012,2.46622343855,138.837469666,2.14250668999,1.62059997594,0.209675828123,172.436886721,2.23663017324,1.30482522781,0.115552344871,15.1427917142,1.18020594876,14.8585547663,1.17197656935,28.0981013126,1.44867697409,8.00765850677,0.903505544018,24.8014789078,1.3944775785,9.07203964877,0.957704939609,18.443362758,1.26584010837,12.1995106289,1.08634240974
source-row-0084,84,254Rf,,Rf,254,104,150,9.21,,0.00152666666667,1.5,100,,,True,False,>,1,1,0.00558367672463,-2.25307973379,0.273416019938,-0.563176042926,0.213207899578,-0.671196708277,0.00716046014095,-2.14505906844,0.206718736774,-0.684620157583,0.00738523604822,-2.13163561913,0.131295673588,-0.881749584403,0.0116276997173,-1.93450619231,0.181074934664,-0.742141662832,0.00843113194824,-2.07411411388,0.0915770310481,-1.03821344052,0.0166708469274,-1.77804233619,0.133060890918,-0.875949573034,0.0114734438958,-1.94030620368
source-row-0085,85,255Rf,,Rf,255,104,151,9.055,,3.40816326531,49,51,,,False,True,,1,1,0.0147358880454,-1.83162368665,231.283194796,2.36414407777,1.38464890103,0.141339665331,2.46139166599,0.391180725788,1.23632445408,0.0921324595256,2.75669000485,0.440387931593,0.365359886253,-0.43727913661,9.32823605859,0.969799527729,0.524409385486,-0.280329544235,6.49905085537,0.812849935354,0.397882574976,-0.400245080098,8.56575150472,0.932765471217,0.377098602024,-0.423545077603,9.03785706712,0.956065468722
source-row-0086,86,256Rf,,Rf,256,104,152,8.926,,2.12903225806,0.31,99.69,,,False,True,,1,1,0.0337649261532,-1.47153419578,63.0545509979,1.79971643749,1.44394873272,0.159551773919,1.4744514191,0.168630467789,1.30535501989,0.115728643636,1.63099863686,0.212453598071,0.868761523259,-0.0610994218783,2.4506521077,0.389281663586,1.2976391647,0.113153944724,1.6406966713,0.215028296984,0.585866623988,-0.232201242444,3.63398796056,0.560383484152,0.917881857985,-0.0372132139265,2.3195057616,0.365395455634
source-row-0087,87,257Rf,,Rf,257,104,153,9.083,,5.59910414334,89.3,1.3,,,False,True,,1,1,0.0121410009814,-1.91574550578,461.173189254,2.66386405123,1.04250313495,0.0180773696303,5.37082715211,0.730041175817,0.982185829264,-0.00780633605354,5.70065661356,0.755924881501,0.277534789538,-0.556682569452,20.1744226468,1.3048011149,0.431889136472,-0.364627719846,12.9642162085,1.11274626529,0.303608691854,-0.517685799409,18.4418440366,1.26580434486,0.304789585508,-0.515999876682,18.3703919345,1.26411842213
source-row-0088,88,258Rf,,Rf,258,104,154,9.196,,0.255102040816,4.9,95.1,,,False,True,,1,1,0.00590616521467,-2.22869440857,43.192499963,1.63540834155,0.197402685961,-0.704646942395,1.29229265333,0.111360875374,0.16748103266,-0.776034369986,1.52316973907,0.182748302966,0.122843777938,-0.91064683573,2.07663786558,0.31736076871,0.199108670218,-0.70090982814,1.28122015248,0.10762376112,0.0857478157587,-1.06677693386,2.97502669379,0.473490866842,0.140090642112,-0.853590874098,1.82097845345,0.260304807078
source-row-0089,89,259Rf,,Rf,259,104,155,9.13,,2.94117647059,85,3,,,True,False,,1,1,0.00889961742142,-2.05062866249,330.483472639,2.51914974545,0.688425977326,-0.162142750203,4.27232057979,0.630663833161,0.684642095839,-0.164536401388,4.29593285085,0.633057484345,0.185241591669,-0.732261496032,15.8775167288,1.20078257899,0.312424102027,-0.505255469757,9.41405112955,0.973776552715,0.204109427967,-0.690136934434,14.4098021335,1.15865801739,0.217210447017,-0.663119290626,13.5406768458,1.13164037358
source-row-0090,90,260Rf,,Rf,260,104,156,8.9,,1.085,2,98,,,True,False,approx,1,1,0.0392719913302,-1.40591707678,27.6278325405,1.44134681497,1.46656968114,0.166302702444,0.739821649087,-0.13087296426,1.1404250884,0.0570667628575,0.951399623736,-0.0216370246729,0.890552240825,-0.0503405992368,1.21834514615,0.0857703374213,1.56133048649,0.193494839814,0.694920139834,-0.158065101629,0.599754273336,-0.222026648938,1.80907422963,0.257456387123,1.06936495827,0.0291259487184,1.01462086597,0.00630378946611
source-row-0091,91,261Rf^a,a,Rf,261,104,157,8.40887159533,8.28,68,100,,257No,257No:100% (within alpha branch),False,True,,1,2,1.17618110199,0.0704741972,57.8142259596,1.76203471551,132.348283761,2.12171831392,0.513795857927,-0.289209401211,135.751956265,2.13274609674,0.500913591752,-0.300237184037,33.1536404586,1.52053122337,2.05105680882,0.311977689338,60.3130836256,1.7804115332,1.12745022991,0.0520973795038,33.9648167734,1.53102927609,2.00207174541,0.301479636618,41.2654796611,1.61558689762,1.64786646268,0.216922015086
source-row-0092,92,261Rf^b,b,Rf,261,104,157,8.64245136187,8.51,14.4444444444,18,82,257No,257No:100% (within alpha branch),False,True,,2,2,0.224230388969,-0.64930552971,64.417871774,1.80900637258,21.7859854887,1.33817721002,0.663015425761,-0.178476367153,22.5103898172,1.35238301584,0.641679000751,-0.192682172969,5.60181782191,0.74832898092,2.57852806065,0.411371861947,10.2049480169,1.0088107968,1.41543537708,0.150890046066,5.8487778477,0.767065126005,2.46965174958,0.392635716863,6.94384410581,0.841599962061,2.08017982897,0.318100880807
source-row-0097,97,255Db,,Db,255,105,150,9.34,,0.0325,8,92,,,True,False,,1,1,0.00387420186064,-2.41181775463,8.38882463254,0.923701115613,0.392256201591,-0.406430181469,0.0828540119142,-1.08168645755,0.860109454527,-0.0654462784398,0.0377858885621,-1.42267036058,0.12076964053,-0.918042226371,0.269107367193,-0.57007441265,0.161902517645,-0.790746397751,0.200738076669,-0.69737024127,0.134859701621,-0.870117805541,0.240991190173,-0.61799883348,0.124961805494,-0.903222708574,0.260079468854,-0.584893930447
source-row-0098,98,256Db,,Db,256,105,151,9.34,,2.71428571429,70,0.02,,,False,True,approx,1,1,0.00383967530531,-2.41570549935,706.905011092,2.84936106029,1.1015872516,0.0420189012954,2.46397705705,0.391636659643,1.07837169986,0.0327684819776,2.51702239092,0.400887078961,0.115958671519,-0.935696768786,23.4073543508,1.36935232972,0.161902517645,-0.790746397751,16.7649382713,1.22440195869,0.206220727234,-0.685667685944,13.1620412298,1.11932324688,0.123463516801,-0.908461356517,21.9845164355,1.34211691746
source-row-0099,99,257Db,,Db,257,105,152,9.206,,2.44680851064,94,6,,,False,True,<=,1,1,0.00873181143571,-2.05889565149,280.217745041,2.44749563391,0.903187139153,-0.0442222551337,2.70908254178,0.432822237552,1.96545353213,0.29346278055,1.24490783966,0.0951372018678,0.276048536965,-0.559014550244,8.86368947121,0.947614532662,0.401507529529,-0.396306305922,6.09405386123,0.78490628834,0.303276646901,-0.518161030218,8.067909401,0.906761012636,0.29998823446,-0.522895777978,8.15634824826,0.911495760396
source-row-0100,100,258Db,,Db,258,105,153,9.437,,3.390625,64,36,,,False,True,,1,1,0.00209802007899,-2.67819035973,1616.1070306,3.2084701196,0.524863322363,-0.279953774826,6.46001512306,0.81023353469,0.525526498893,-0.279405380429,6.45186304999,0.809685140294,0.0561023525854,-1.25101892674,60.4364138713,1.7812986866,0.0849147756035,-1.07101673373,39.9297410362,1.60129649359,0.101298807254,-0.994395668224,33.471519477,1.52467542809,0.0638285579457,-1.19498496731,53.1208147125,1.72526472717
source-row-0101,101,259Db,,Db,259,105,154,9.62,,0.51,100,,,,False,True,,1,1,0.000704024104867,-3.15241247093,724.407014582,2.85998264702,0.0512103319438,-1.29064240907,9.95892783042,0.998212585171,0.0993203431788,-1.00296178851,5.13489969605,0.710531964607,0.0163861426766,-1.78552326799,31.1238593527,1.49309344409,0.0258116102731,-1.58818490088,19.7585503037,1.29575507698,0.0191350400755,-1.71817062387,26.6526747782,1.42574079997,0.019505175596,-1.70985013558,26.146906368,1.41742031168
source-row-0102,102,260Db,,Db,260,105,155,9.5,,1.68888888889,90,10,,,True,False,,1,1,0.00141951206667,-2.84786091137,1189.76719434,3.07546198987,0.316438178111,-0.499711124598,5.33718434031,0.727312203103,0.325146634712,-0.487920736608,5.19423764107,0.715521815113,0.0342249369211,-1.46565734363,49.3467348904,1.69325842213,0.0561378639073,-1.25074411666,30.0846660585,1.47834519516,0.0624851759738,-1.20422300276,27.0286329929,1.43182408126,0.0415916865602,-1.38099346846,40.6064054758,1.60859454696
source-row-0103,103,261Db,,Db,261,105,156,9.22,,5.61643835616,73,27,,,True,False,,1,1,0.00781955566593,-2.10681792435,718.255434978,2.85627892095,0.689642384419,-0.161376055255,8.14398662707,0.910837051855,1.40833807512,0.148706920811,3.98799013915,0.600754075789,0.213567417897,-0.67046500308,26.2981985336,1.41992599968,0.364822528697,-0.437918350753,15.3949877389,1.18737934735,0.235627165032,-0.627774641969,23.8361241387,1.37723563857,0.263419005151,-0.579352894771,21.321310332,1.32881389137
source-row-0104,104,262Db,,Db,262,105,157,9.05,,70.8333333333,48,52,,,True,False,,1,1,0.0229938313669,-1.63838865801,3080.53634921,3.48862633768,6.40493748285,0.806514895051,11.0591763812,1.04372278462,7.31300023382,0.86409558731,9.68594708991,0.986142092356,0.666615609196,-0.176124521296,106.258137908,2.02636220096,1.18545140113,0.0738837543057,59.7522034776,1.77635392536,1.1464112108,0.0593404243921,61.7870208056,1.79089725527,0.84501609156,-0.0731350207434,83.8248336816,1.92337270041
source-row-0105,105,263Db,,Db,263,105,158,8.83,,72.972972973,37,56,,,True,False,,1,1,0.0980016877706,-1.00876644489,744.60934942,2.87192848498,10.3385827333,1.01446100749,7.0583149408,0.848701032601,22.3750080561,1.34976320036,3.26136074633,0.513398839736,3.09460347392,0.490605008729,23.580718366,1.37255703136,5.72837725804,0.758031611899,12.7388559946,1.10513042819,3.26501112998,0.513884666065,22.3499921035,1.34927737403,4.05128509925,0.607592806668,18.0123025621,1.25556923342
source-row-0108,108,268Db,,Db,268,105,163,7.7,,112941.176471,51,49,,,False,True,,1,1,498.849889545,2.69796988039,226.403130155,2.35488242693,257547.44024,5.41085723779,0.438525719243,-0.358004930467,415039.599863,5.6180895357,0.272121446984,-0.565237228379,23399.5234469,4.36920701269,4.82664430012,0.683645294636,52775.8995514,4.72243564448,2.14001423814,0.330416662847,37106.3622818,4.56944838042,3.0437145957,0.483403926902,41152.7144309,4.61439848653,2.74444050733,0.438453820791
source-row-0109,109,270Db,,Db,270,105,165,8.019,,21176.4705882,17,83,,,False,True,,1,1,37.6265952616,1.57549492185,562.80592068,2.75035865753,14248.7657892,4.15377724791,1.48619683287,0.172076331476,22097.5216183,4.34434356745,0.95831880851,-0.0184899880577,1354.92399897,3.13191493524,15.6292682131,1.19393864415,3302.01531089,3.51877908268,6.41319575909,0.807074496707,2153.53249889,3.33315143007,9.83336476191,0.992702149316,2486.91348406,3.39566067709,8.51516175532,0.930192902302
source-row-0110,110,257Sg,,Sg,257,106,151,9.45,,0.126,10,90,,,False,True,approx,1,1,0.00297276786794,-2.52683900186,42.3847422998,1.62720954698,0.500261517489,-0.300802903843,0.251868264088,-0.59882655104,0.410864734113,-0.386301134079,0.306670272571,-0.513328320803,0.122145622367,-0.913122093292,1.03155559371,0.0134926384092,0.165257312461,-0.781839314347,0.76244735028,-0.117790140535,0.136862094404,-0.863716818269,0.920634749516,-0.0359126366133,0.132550905211,-0.877617302057,0.950578193336,-0.0220121528254
source-row-0112,112,259Sg,,Sg,259,106,153,9.765,,0.402,100,,,,False,True,,1,1,0.000461191672265,-3.33611854336,871.654941265,2.94034459644,0.0576871961433,-1.23892056919,6.96861742077,0.843146622275,0.0503499296607,-1.29800113182,7.98412237532,0.902227184908,0.0145903220084,-1.83593512312,27.552510477,1.44016117621,0.0213481687881,-1.67063937213,18.8306549377,1.27486542521,0.0171684658393,-1.76526851132,23.4150216893,1.36949456441,0.0172340133529,-1.7636135749,23.3259654479,1.36783962798
source-row-0113,113,260Sg,,Sg,260,106,154,9.901,,0.00697183098592,71,29,,,False,True,,1,1,0.000212280536375,-3.6730898237,32.8425351894,1.51643667391,0.0101020687633,-1.99558967963,0.690138935822,-0.161063470152,0.00952213354781,-2.02126573184,0.732171099146,-0.135387417942,0.00597635609271,-2.2235635336,1.16656887203,0.0669103838148,0.0090949485381,-2.04119975396,0.766560795447,-0.115453395826,0.00452546354963,-2.34433692878,1.5405783097,0.187683778997,0.00736735881709,-2.13268817791,0.946313483434,-0.0239649718718
source-row-0114,114,261Sg,,Sg,261,106,155,9.55645914397,9.41,0.187563710499,98.1,0.6,257Rf,"g.s. (1/2+), 98.1(4)%",False,True,,1,1,0.00153076851774,-2.81509047819,122.529114184,2.08823929382,0.206362164157,-0.685369926251,0.908905521833,-0.041481258119,0.188929991993,-0.723699093836,0.992768318683,-0.0031520905349,0.0514916658081,-1.28826305807,3.64260327484,0.561411873704,0.0818210220965,-1.08713509966,2.29236577219,0.360283915289,0.0587685493067,-1.23085502965,3.19156611337,0.50400384528,0.0635170072136,-1.19710997313,2.95296832656,0.470258788762
source-row-0115,115,262Sg,,Sg,262,106,156,9.6,,0.141666666667,6,94,,,False,True,,1,1,0.00117747633744,-2.92904781169,120.313811974,2.08031548702,0.0643359446585,-1.19154631782,2.20198315916,0.34281399315,0.0564683993838,-1.24819452231,2.50877779807,0.399462197646,0.0372437911494,-1.42894611739,3.80376600488,0.580213792725,0.0615839181264,-1.21053268363,2.30038410963,0.361800358959,0.0269093964863,-1.57009604232,5.26457985554,0.721363717648,0.0475595015952,-1.32276270526,2.97872479557,0.474030380595
source-row-0116,116,263Sg,,Sg,263,106,157,9.4,,1.08045977011,87,13,,,False,True,,1,1,0.00388522674012,-2.41058363089,278.094392525,2.44419223187,0.541572230541,-0.266343612477,1.99504278319,0.299952213458,0.520690310542,-0.283420503978,2.07505257586,0.317029104959,0.133909390334,-0.873188967222,8.0685885241,0.906797568203,0.230852055204,-0.636666254707,4.68031254546,0.670274855688,0.149662241408,-0.824887754878,7.2193210522,0.85849635586,0.17455905377,-0.758057620923,6.18965185006,0.791666221904
source-row-0118,118,265Sg^a,a,Sg,265,106,159,8.9754789272,8.84,8.5,100,,261Rf,261Rf^a:91%; 261Rf^b:9%,False,True,,1,2,0.0570253386099,-1.24393212725,149.056545866,2.17335105297,9.86939105265,0.994290357266,0.861248678328,-0.0648714315521,9.89592561744,0.995456422266,0.858939358337,-0.0660374965519,2.35362942675,0.371738085276,3.61144362974,0.557680840438,4.4094799162,0.644387368869,1.92766497672,0.285031556846,2.49878084677,0.397728168406,3.40165885736,0.531690757308,3.25560256882,0.512631382487,2.61088379811,0.416787543227
source-row-0119,119,265Sg^b,b,Sg,265,106,159,8.82318007663,8.69,14.4,100,,261Rf,261Rf^a:20%; 261Rf^b:80%,False,True,,2,2,0.157642880138,-0.802325639166,91.3457048449,1.96068813126,30.3750004639,1.48251629324,0.474074066834,-0.324153801143,30.3346614395,1.48193915221,0.474704490396,-0.323576660118,7.13071867343,0.853133302668,2.01943179355,0.305229189428,13.3768459544,1.12635372583,1.07648694237,0.032008766263,7.45527756619,0.872463817235,1.93151762254,0.28589867486,9.87722788978,0.994635074031,1.45789893285,0.163727418064
source-row-0121,121,267Sg,,Sg,267,106,161,8.4,,3458.82352941,17,83,,,False,True,,1,1,3.13272315115,0.495922016573,1104.09486014,3.04300638812,743.555111792,2.87131316366,4.65173794727,0.667615241039,773.833329152,2.88864743094,4.46972674749,0.650280973762,167.718093649,2.22457991739,20.6228407095,1.3143484873,341.741487858,2.53369770591,10.1211695164,1.00523069879,169.819117526,2.22998657972,20.3676922823,1.30894182498,256.094312121,2.40839993285,13.5060536908,1.13052847184
source-row-0123,123,269Sg,,Sg,269,106,163,8.58,,186,100,,,,False,True,,1,1,0.862652101125,-0.0641643155529,215.614150545,2.33367725977,164.227081071,2.21544477392,1.13257812772,0.0540681703019,181.075787167,2.25786038183,1.02719420918,0.0116525623892,38.0070704411,1.57986439577,4.89382627603,0.689648548445,83.630559844,1.92236500407,2.22406737856,0.347147940147,38.938541961,1.5903796855,4.77675821006,0.679133258722,62.2138264062,1.79388691306,2.98968912128,0.475626031157
source-row-0124,124,271Sg,,Sg,271,106,165,8.629,,42.4657534247,73,27,,,False,True,,1,1,0.617624243295,-0.209275665194,68.7566168033,1.83731449891,103.242764862,2.01385962652,0.411319412854,-0.385820792809,120.138596444,2.07968255386,0.353473027667,-0.451643720148,24.1574414829,1.38305093621,1.75787462653,0.244987897503,57.4470858183,1.75926800265,0.739215102381,-0.131229168934,24.8471068608,1.39527582778,1.70908241601,0.232763005937,42.8719701748,1.63217344191,0.990524887275,-0.00413460819182
source-row-0125,125,260Bh,,Bh,260,107,153,10.4,,0.035,100,,,,False,True,approx,1,1,2.13934679761e-05,-4.66971880866,1636.01338685,3.21378685301,0.00630260711211,-2.2004797648,5.5532574659,0.744547809152,0.00554368803854,-2.25620121688,6.31348657368,0.80026926123,0.000653067536102,-3.18504190442,53.5932320399,1.72910994877,0.000914609303272,-3.03876438535,38.2677060847,1.5828324297,0.00134753357179,-2.87046040621,25.9733788699,1.41452845056,0.000834162834725,-3.07874916361,41.9582347031,1.62281720796
source-row-0126,126,261Bh,,Bh,261,107,154,10.16,,0.0118,100,,,,False,True,approx,1,1,7.50339472723e-05,-4.12474220624,157.262151719,2.19662421355,0.00868695098302,-2.06113262903,1.35835922444,0.133014636336,0.0182869300156,-1.73785919716,0.645269599104,-0.190258795535,0.00259524427008,-2.58582175914,4.54677817268,0.657703766449,0.00379770658261,-2.42047859265,3.10713841191,0.492360599953,0.00321970661695,-2.49218369987,3.66493019516,0.564065707177,0.00331107646409,-2.48003078979,3.56379568034,0.551912797092
source-row-0127,127,262Bh,,Bh,262,107,155,10.08,,0.096,100,,,,False,True,approx,1,2,0.000114785977766,-3.94011116203,836.339088348,2.92238239507,0.0399002548932,-1.39902432992,2.40599966734,0.381295562958,0.0381770438443,-1.41819770328,2.51460014535,0.400468936321,0.00404683774571,-2.3928842079,23.7222261015,1.37515544094,0.00617316186081,-2.20949233565,15.5511878944,1.19176356869,0.00788596087421,-2.10314538199,12.1735323737,1.08541661503,0.00527165705009,-2.27805285071,18.2105928151,1.26032408375
source-row-0128,128,262Bh,,Bh,262,107,155,10.55,,0.021,100,,,,False,True,approx,2,2,9.77474886516e-06,-5.00989439177,2148.39279143,3.3321136865,0.00240900094387,-2.61816302984,8.71730667166,0.940382324575,0.00215732089515,-2.66608525006,9.73429592566,0.988304544797,0.000254052449392,-3.59507661358,82.6600965678,1.91729590831,0.00038509427944,-3.41443293276,54.5321006339,1.73665222749,0.00054216335578,-3.26586983925,38.7337133285,1.58808913398,0.000350301694055,-3.45555776243,59.9483255616,1.77777705717
source-row-0129,129,264Bh,,Bh,264,107,157,9.86,,1.1511627907,86,14,,,True,False,,1,1,0.000384536728672,-3.41506217264,2993.63547059,3.476198916,0.145885710749,-0.83598724441,7.89085363321,0.897123987764,0.149616049269,-0.825021817334,7.69411300676,0.886158560688,0.0145955874703,-1.83577842003,78.8706033959,1.89691516339,0.0242048507314,-1.61609759126,47.559177434,1.67723433461,0.0274506777152,-1.56144692902,41.9356783334,1.62258367237,0.0198235912764,-1.70281766518,58.0703453097,1.76395440853
source-row-0130,130,265Bh,,Bh,265,107,158,9.66,,0.94,100,,,,True,False,,1,1,0.00121021555774,-2.91713726836,776.721133675,2.89026512196,0.174396049863,-0.758463356228,5.39003034036,0.731591209828,0.380527843301,-0.419613560313,2.47025287781,0.392741413913,0.0504144820602,-1.29744469023,18.6454360253,1.27057254383,0.0872670278134,-1.05914981521,10.7715367826,1.03227766881,0.0577706983394,-1.23829238262,16.2712244619,1.21142023622,0.0697817949222,-1.15625786385,13.4705620721,1.12938571745
source-row-0131,131,266Bh,,Bh,266,107,159,9.43,,10,100,,,,True,False,,1,1,0.00476789411199,-2.32167339821,2097.36201457,3.32167339821,2.29340394714,0.36048055563,4.36033085775,0.63951944437,2.60515105026,0.41583290936,3.83854901581,0.58416709064,0.221852068662,-0.653936517345,45.075081158,1.65393651735,0.400976212705,-0.396881390466,24.9391352483,1.39688139047,0.391686210693,-0.407061717513,25.5306409238,1.40706171751,0.314427242944,-0.502479832392,31.803859953,1.50247983239
source-row-0132,132,267Bh,,Bh,267,107,160,9.23,,16,100,,,,True,False,,1,1,0.0164768959053,-1.78312460199,971.056690042,2.98724458465,3.00280037136,0.477526460904,5.32835953819,0.726593521752,6.98293815848,0.844038195908,2.29129911176,0.360081786748,0.838352489749,-0.0765733415535,19.0850509728,1.28069332421,1.58129599772,0.19901317173,10.1182827397,1.00510681093,0.906895629378,-0.0424426911024,17.6426034945,1.24656267376,1.22615492217,0.0885453458693,13.0489220495,1.11557463679
source-row-0133,133,270Bh,,Bh,270,107,163,9.06,,144,100,,,,False,True,approx,1,1,0.0493732023119,-1.30650870383,2916.56188493,3.46487119592,26.1793066616,1.41795814042,5.50052764427,0.740404351677,33.755517161,1.52834476611,4.26596930254,0.630017725988,2.47098762835,0.392870570999,58.2762933928,1.7654919211,5.25970644589,0.720961506038,27.3779537853,1.43740098606,4.17640781673,0.620802899934,34.4793914577,1.53755959216,4.05426688725,0.607912334354,35.5181353385,1.55045015774
source-row-0134,134,271Bh,,Bh,271,107,164,9.42,,2.9,100,,,,False,True,,1,1,0.00508749348894,-2.29349613358,570.025299551,2.75589413148,0.677626127282,-0.169009857229,4.27964608099,0.631407855128,1.44955160011,0.161233679674,2.00061867393,0.301164318225,0.194778052976,-0.710459979738,14.888741086,1.17285797764,0.429004547272,-0.367538104448,6.75983510767,0.829936102347,0.216541814763,-0.664458227867,13.3923325764,1.12685622577,0.33154830423,-0.479453189032,8.74684009237,0.941851186931
source-row-0135,135,272Bh,,Bh,272,107,165,9.3,,8.8,100,,,,False,True,,1,1,0.0107343471479,-1.96922436377,819.798342529,2.91370703592,4.36716000623,0.640199104115,2.01503951938,0.304283568035,5.57051450621,0.745895309517,1.57974635739,0.198587362634,0.42424425681,-0.372384028215,20.7427675419,1.31686670036,0.973340230799,-0.0117353256814,9.0410318217,0.956217997832,0.738951838758,-0.131383865858,11.9087598656,1.07586653801,0.750774991056,-0.124490202523,11.7212215442,1.06897287467
source-row-0136,136,274Bh,,Bh,274,107,167,8.94,,44,100,,,,False,True,,1,1,0.111635004013,-0.952199607672,394.141608081,2.59565228416,53.3499152246,1.72713373365,0.824743578593,-0.0836810571616,74.4692101499,1.87197674757,0.590848216484,-0.228524071081,5.03093807217,0.701648971454,8.74588384289,0.941803705032,12.5408023095,1.09832532178,3.50854745289,0.54512735471,8.40553791346,0.924565511395,5.23464416591,0.718887165091,9.78056367363,0.990363884777,4.49871821996,0.65308879171
source-row-0137,137,263Hs,,Hs,263,108,155,10.73,,0.00074,100,,,,False,True,,1,1,5.64625611918e-06,-5.24823942576,131.060296306,2.11747114549,0.000766102080207,-3.11571335841,0.96592871775,-0.0150549218557,0.000655390906781,-3.18349958853,1.1290971424,0.0527313082603,0.00018810483387,-3.72560004392,3.93397652137,0.594831763649,0.000272798707198,-3.56415769215,2.71262282583,0.433389411878,0.000256532720935,-3.59085723244,2.88462227081,0.460088952174,0.000266569074711,-3.5741902355,2.77601593809,0.443421955229
source-row-0138,138,264Hs,,Hs,264,108,156,10.591,,0.0009,70,30,,,False,True,,1,1,1.11858693627e-05,-4.95133025701,80.4586546485,1.90557276645,0.000706849620743,-3.15067297068,1.27325526334,0.104915480124,0.000685537610836,-3.1639687134,1.31283825391,0.118211222844,0.000396602731218,-3.40164429934,2.26927332859,0.355886808776,0.000600456541754,-3.22151841933,1.49885951342,0.175760928774,0.000330735929387,-3.48051862309,2.72120419958,0.434761132528,0.000567668728675,-3.24590502922,1.58543170433,0.200147538656
source-row-0139,139,265Hs,,Hs,265,108,157,10.47,,0.0019,100,,,,False,True,,1,1,2.05475470621e-05,-4.68724001617,92.4684583642,1.96599361712,0.00316360727992,-2.49981743375,0.600580233855,-0.221428965292,0.00283899918291,-2.54683473247,0.66924992844,-0.174411666578,0.000765021071789,-3.11632660245,2.48359172063,0.395080203399,0.00120861711809,-2.91771125897,1.57204458845,0.196464859925,0.000992464057872,-3.00328521227,1.91442701116,0.282038813226,0.00111140323854,-2.95412834205,1.70955053405,0.232881943
source-row-0140,140,266Hs,,Hs,266,108,158,10.346,,0.000973684210526,76,24,,,False,True,,1,1,3.88628447527e-05,-4.4104654123,25.0543730579,1.39888353975,0.00274967086678,-2.56071928773,0.354109367158,-0.450862584817,0.00250364615968,-2.60142704997,0.388906478163,-0.410154822584,0.00152076955766,-2.81793658964,0.640257562771,-0.19364528291,0.00250692618208,-2.60085845391,0.388397639104,-0.410723418639,0.00121188105875,-2.91654000233,0.803448658181,-0.095041870215,0.00224724640482,-2.64834930569,0.433278793299,-0.363232566859
source-row-0141,141,267Hs,,Hs,267,108,159,10.038,,0.06625,80,,,,False,True,<,1,1,0.000202506941229,-3.6935600861,327.149279911,2.51474596871,0.0401890999523,-1.39589171986,1.64845692187,0.217077602471,0.0376996420456,-1.42366277336,1.75731111505,0.244848655967,0.0094274003499,-2.0256080495,7.02738799044,0.846793932114,0.0162709214677,-1.78858785106,4.07168088982,0.609773733665,0.0113179369404,-1.94623273013,5.85354030057,0.76741861274,0.0139896207192,-1.85419405976,4.73565376286,0.675379942369
source-row-0142,142,268Hs,,Hs,268,108,160,9.623,,0.4,100,,,,False,True,approx,1,1,0.00215993856753,-2.66555860078,185.190452179,2.2676185921,0.245978555201,-0.609102753725,1.62615801883,0.211162745053,0.206765719377,-0.684521463255,1.93455666251,0.286581454583,0.128533774488,-0.890982738898,3.11202251388,0.493042730226,0.232780375616,-0.633053635367,1.71835791115,0.235113626695,0.0908606319696,-1.04162424683,4.40234666355,0.643684238158,0.192762663333,-0.714977081837,2.07509064817,0.317037073164
source-row-0143,143,269Hs,,Hs,269,108,161,9.34,,13,100,,,,False,True,,1,1,0.0120114481783,-1.92040462807,1082.30080229,3.03434798038,3.76319193554,0.575556369375,3.45451420567,0.538386982932,3.66785863227,0.56441258861,3.54430235823,0.549530763697,0.833672083863,-0.0790047409371,15.5936611668,1.19294809324,1.58025214366,0.198726388134,8.22653527296,0.915216964172,0.903473396901,-0.0440846308719,14.3889128829,1.15802798318,1.28873646683,0.11016411774,10.0873998172,1.00377923457
source-row-0144,144,270Hs,,Hs,270,108,162,9.07,,7.6,100,,,,False,True,,1,1,0.0671853797777,-1.17272522356,113.11984877,2.05353881584,10.7909459452,1.03305951704,0.704294140531,-0.152245924764,8.33047027497,0.920669519061,0.912313440796,-0.0398559267799,5.38127297845,0.730885023272,1.41230523529,0.149928569008,10.6737399209,1.02831661646,0.712027841819,-0.147503024184,3.55510240768,0.55085211546,2.13777245448,0.329961476821,8.66824053032,0.937930953818,0.876763856912,-0.0571173615368
source-row-0146,146,272Hs,,Hs,272,108,164,9.772,,0.16,100,,,,False,True,,1,1,0.000905988864421,-3.04287714024,176.602612111,2.24699712289,0.0775611238936,-1.11035590644,2.06288913786,0.314475889093,0.0559233530533,-1.25240679705,2.86105877535,0.456526779702,0.0415169772529,-1.3817742739,3.85384511559,0.585894256558,0.0878225233483,-1.05639408875,1.82185610137,0.260514071403,0.0301268489124,-1.52104629055,5.31087736607,0.725166273203,0.0723624621858,-1.14048666437,2.21109115371,0.344606647029
source-row-0147,147,273Hs,,Hs,273,108,165,9.65,,0.51,100,,,,False,True,,1,1,0.00185314612602,-2.73209033393,275.207655154,2.43966051003,0.383263768246,-0.416502234737,1.33067626594,0.124072410835,0.417700898573,-0.379134590465,1.22096936287,0.0867047665626,0.0883148600861,-1.05396621476,5.77479259439,0.761536390862,0.194763188884,-0.710493123306,2.61856464213,0.418063299404,0.100168803443,-0.999267514018,5.09140553216,0.706837690116,0.159391159982,-0.797535768747,3.19967556582,0.505105944845
source-row-0148,148,275Hs,,Hs,275,108,167,9.45,,0.168539325843,89,11,,,False,True,<,1,1,0.00622757049969,-2.2056813473,27.0634151554,1.43238259971,1.36419220105,0.134875562386,0.123545146873,-0.908174309975,1.5604841186,0.193259353111,0.108004512083,-0.9665581007,0.310343268001,-0.508157670938,0.543073890174,-0.265141076652,0.742990006818,-0.129017027441,0.226839290295,-0.644281720148,0.342480017174,-0.465364763395,0.492114334825,-0.307933984194,0.606095176784,-0.217459172028,0.278074025827,-0.555839575561
source-row-0150,150,266Mt,,Mt,266,109,157,10.996,,0.0017,100,,,,False,True,approx,1,1,2.12963953769e-06,-5.67169389893,798.25715569,2.90214282031,0.000826666861327,-3.08266947163,2.05645112866,0.313118393006,0.000731495008261,-3.13578863316,2.32400765665,0.366237554543,8.07740068891e-05,-4.0927283729,21.0463745142,1.32317729428,0.000120878468344,-3.9176510516,14.063712283,1.14809997297,0.000182370005451,-3.73904658891,9.32170833571,0.969495510292,0.000126123466694,-3.89920410052,13.478855637,1.1296530219
source-row-0151,151,268Mt,,Mt,268,109,159,10.77,,0.021,100,,,,False,True,,1,1,6.25882859949e-06,-5.20350694161,3355.2604399,3.52572623634,0.00269779041792,-2.5689917922,7.78414804222,0.891211086935,0.00255592342935,-2.59245216096,8.21620857608,0.914671455697,0.000260495355992,-3.58420001473,80.6156406131,1.90641930946,0.000424713287767,-3.37190415127,49.4451212262,1.694123446,0.00056207060531,-3.25020912648,37.3618541899,1.57242842121,0.000418915984565,-3.37787306796,50.1293833937,1.70009236269
source-row-0152,152,270Mt,,Mt,270,109,161,10.181,,0.48,100,,,,False,True,approx,1,1,0.000129282089188,-3.88846163835,3712.81128743,3.56970287572,0.082226367081,-1.08498889728,5.83754356467,0.766230134658,0.0878832653058,-1.05609381523,5.46179068711,0.737335052601,0.00761644830369,-2.11824750132,63.0215004239,1.7994887387,0.0136413242891,-1.86514346666,35.1871995582,1.54638470404,0.0146940886393,-1.83285734468,32.6661973929,1.51409858206,0.0123384251122,-1.90874027051,38.9028579931,1.58998150788
source-row-0153,153,274Mt,,Mt,274,109,165,10.6,,0.64,100,,,,True,False,approx,1,1,1.43783073066e-05,-4.84229223848,44511.4982141,4.64847221246,0.00558031858164,-2.25334100639,114.688792519,2.05952098037,0.00599776593751,-2.22201048656,106.706398127,2.02819046055,0.000540001256236,-3.26760522985,1185.18242802,3.07378520384,0.00112218670984,-2.94993487899,570.315077148,2.75611485297,0.00113610456089,-2.94458169668,563.328431231,2.75076167067,0.00103888663061,-2.98343184261,616.044119871,2.7896118166
source-row-0154,154,275Mt,,Mt,275,109,166,10.48,,0.02,100,,,,False,True,,1,1,2.65814767303e-05,-4.57542089555,752.4036457,2.87645089122,0.0036979920321,-2.43203402893,5.40834047949,0.733064024595,0.00749876345387,-2.12501034587,2.66710640001,0.42604034153,0.00104263641873,-2.98186710947,19.1821421549,1.28289710513,0.00225989136759,-2.64591243678,8.84998291814,0.946942432442,0.00134710257856,-2.87059933256,14.8466793237,1.17162932822,0.00205788558868,-2.68657877417,9.7187132803,0.987608769838
source-row-0155,155,276Mt,,Mt,276,109,167,10.1,,0.62,100,,,,False,True,,1,1,0.000202118206508,-3.69439456412,3067.51188185,3.48678625362,0.105899225198,-0.975107217358,5.85462262677,0.767498906856,0.126352689097,-0.898415510789,4.90689991984,0.690807200287,0.00989628009336,-2.00452802141,62.6498031736,1.79691971091,0.0225068774209,-1.64768475435,27.5471354114,1.44007644385,0.0189594042837,-1.72217531259,32.7014494086,1.51456700209,0.0198316943994,-1.70264017854,31.2630876371,1.49503186804
source-row-0157,157,278Mt,,Mt,278,109,169,9.58,,4.5,100,,,,False,True,,1,1,0.00406591435698,-2.39084177343,1106.76212161,3.04405428721,2.908609159,0.463685367348,1.54713120739,0.189527146427,3.88246231065,0.589107248468,1.15905825735,0.0641052653072,0.261283731284,-0.582887630584,17.2226566801,1.23610014436,0.650735675322,-0.186595383261,6.9152501863,0.839807897036,0.461322646254,-0.335995225423,9.75456123072,0.989207739198,0.564431394962,-0.248388837796,7.97262526529,0.901601351571
source-row-0158,158,267Ds,,Ds,267,110,157,11.78,,2.8e-06,100,,,,False,True,uncertain,1,1,8.60622227856e-08,-7.0651874413,32.5346000762,1.51234547264,1.14118029756e-05,-4.94264573503,0.245360001919,-0.610196233629,9.54690269026e-06,-5.02013750409,0.293288838364,-0.532704464565,2.70573998862e-06,-5.56771393979,1.03483705448,0.0148719711327,3.78641966438e-06,-5.42177125307,0.739484855929,-0.131070715587,4.51993637111e-06,-5.34486767888,0.619477747054,-0.207974289781,4.80377244888e-06,-5.31841757299,0.582875236036,-0.23442439567
source-row-0159,159,269Ds,,Ds,269,110,159,11.51,,0.00017,100,,,,False,True,,1,1,2.71406883843e-07,-6.56637914129,626.365837125,2.79682806266,4.17029315679e-05,-4.37983341459,4.07645202887,0.610282335972,3.66297261372e-05,-4.43616632833,4.64103933955,0.666615249711,9.7569124285e-06,-5.01068759293,17.4235447172,1.24113651431,1.49063371709e-05,-4.82662905956,11.4045454662,1.05707798094,1.53049274014e-05,-4.81516872613,11.1075339034,1.04561764751,1.74778942607e-05,-4.75751089241,9.72657217534,0.987959813791
source-row-0160,160,270Ds,,Ds,270,110,160,11.117,,0.0002,100,,,,False,True,,1,1,1.60269175722e-06,-5.79514999668,124.79005966,2.09617999234,0.000141692453455,-3.84865327968,1.41150777705,0.149683275341,0.000133154593175,-3.87564384795,1.50201352601,0.176673843617,7.44827683375e-05,-4.12794419009,2.68518483488,0.428974185755,0.000119695967133,-3.92192048185,1.67090007116,0.222950477517,6.70486588292e-05,-4.1736099049,2.9829082862,0.474639900559,0.000129594895521,-3.8874121041,1.54327066044,0.188442099769
source-row-0161,161,271Ds,,Ds,271,110,161,10.87,,0.00163,100,,,,False,True,,1,1,5.17280942904e-06,-5.2862735211,315.10923075,2.4984611255,0.00124118605477,-2.90616311254,1.31326000138,0.118350716939,0.00113817962266,-2.94378919403,1.4321113887,0.155976798429,0.000278786902169,-3.55472763391,5.84675961217,0.766915238312,0.000469492932948,-3.32837094057,3.47183074677,0.540558544979,0.0003790017445,-3.42135879102,4.30077176069,0.633546395425,0.000485283466517,-3.31400450473,3.35886159835,0.526192109138
source-row-0162,162,273Ds^a,a,Ds,273,110,163,11.0519330855,10.89,0.01734,100,,269Hs,269Hs:100% (within alpha branch),False,True,,1,2,2.15068401455e-06,-5.66742339288,8062.55120823,3.90647248602,0.000411375231876,-3.3857618599,42.1512980277,1.62481095304,0.000398661594825,-3.3993956002,43.4955366282,1.63844469334,9.41127119919e-05,-4.02635171159,184.247161016,2.26540080473,0.000170806895803,-3.76749459999,101.518149595,2.00654369313,0.000133671921809,-3.87395980803,129.720585784,2.11300890117,0.000178560703604,-3.74821411144,97.1098323987,1.98726320458
source-row-0163,163,273Ds^m,,Ds,273,110,163,11.33,,0.00016,100,,,,False,True,,2,2,5.93670405914e-07,-6.22645459983,269.509812863,2.43057458249,9.08277143866e-05,-4.04178161438,1.76157686099,0.245901597035,8.83736860624e-05,-4.05367703023,1.81049367893,0.257797012881,2.11938163644e-05,-4.67379083296,7.54937181906,0.87791081562,3.81853844022e-05,-4.41810283311,4.19008483232,0.622222815767,3.21200910789e-05,-4.49322323192,4.98130592492,0.697343214574,4.17019625309e-05,-4.37984350627,3.83674988632,0.583963488922
source-row-0164,164,275Ds,,Ds,275,110,165,11.37,,0.00043,100,,,,False,True,,1,1,4.92281977436e-07,-6.30778606356,873.483124935,2.94125451914,6.74895365838e-05,-4.17076355393,6.37135801734,0.804232009506,6.92282512354e-05,-4.1597166389,6.21133702393,0.793185094478,1.58680893e-05,-4.79947536413,27.0984106448,1.43294381971,3.09225854284e-05,-4.509724202,13.9056936554,1.14319265758,2.43951913782e-05,-4.61269577054,17.6264245414,1.24616422612,3.34825837866e-05,-4.47518103572,12.8424975426,1.10864949129
source-row-0165,165,276Ds,,Ds,276,110,166,10.904,,0.000348837209302,43,57,,,False,True,,1,1,4.34679879744e-06,-5.36183046176,80.2515196948,1.90445326524,0.000359841755155,-3.4438884436,0.969418374341,-0.0134887529241,0.000274404344845,-3.56160901641,1.27125249966,0.104231819885,0.000189031660215,-3.72346545136,1.84539039072,0.266088254831,0.000387909576112,-3.41126949908,0.899274549493,-0.0461076974474,0.000164184044354,-3.78466905054,2.12467180154,0.327291854016,0.000390395143951,-3.40849559308,0.893549048207,-0.0488816034481
source-row-0166,166,277Ds,,Ds,277,110,167,10.71,,0.0035,100,,,,False,True,,1,1,1.13014496972e-05,-4.94686584368,309.694781978,2.49093388803,0.002413922697,-2.61727664178,1.44992215548,0.161344686131,0.00258445513394,-2.58763100277,1.35425063258,0.13169904712,0.000543807008425,-3.26455519965,6.43610682793,0.808623244003,0.00116687743476,-2.93297475852,2.99945812279,0.477042802873,0.000722260652468,-3.14130604412,4.84589599065,0.68537408847,0.00114349652722,-2.94176515,3.06078760772,0.48583319435
source-row-0167,167,279Ds,,Ds,279,110,169,9.827,,1.43076923077,13,87,,,True,False,,1,1,0.00131023610297,-2.88265043795,1091.99344112,3.03822002986,0.523831299177,-0.280808555827,2.73135498588,0.436378147738,0.582903867443,-0.23440306322,2.45455436253,0.389972655131,0.110501342028,-0.956632447484,12.9479805812,1.11220203939,0.263075622961,-0.579919392522,5.43862336869,0.735488984433,0.125185675229,-0.902445363817,11.4291769258,1.05801495573,0.242615558146,-0.615081352684,5.89726908571,0.770650944595
source-row-0169,169,281Ds,,Ds,281,110,171,9.47,,130,10,90,,,True,False,,1,1,0.011192513099,-1.95107238868,11614.9071125,4.06501574098,5.43811303532,0.735448230487,23.9053508369,1.37849512182,6.33901246189,0.802021605554,20.5079262395,1.31192174675,1.11760284724,0.0482874995285,116.320390845,2.06565585278,2.90804778968,0.463601539265,44.7035294473,1.65034181304,1.20525372646,0.081078482929,107.861106044,2.03286486938,2.7027017346,0.431798120369,48.1000172294,1.68214523194
source-row-0170,170,272Rg,,Rg,272,111,161,11.197,,0.0038,100,,,,False,True,,1,1,1.45913495401e-06,-5.83590453876,2604.28275642,3.41568813538,0.00103996288796,-2.98298215863,3.65397654473,0.562765755242,0.000978081281769,-3.00962505241,3.88515767639,0.589408649031,9.28634473343e-05,-4.03215519822,40.9202986652,1.61193879484,0.000147638725652,-3.83079971209,25.7385044691,1.4105833087,0.00021088355389,-3.67595728813,18.0194231835,1.25574088474,0.000168871835055,-3.77244277731,22.5022722041,1.35222637393
source-row-0171,171,274Rg,,Rg,274,111,163,11.48,,0.012,100,,,,False,True,,1,1,4.0176084276e-07,-6.39603239363,29868.5156014,4.47521363967,0.000208698671718,-3.68048031503,57.4991680648,1.75966156108,0.000196192329748,-3.70731797562,61.1644706773,1.78649922166,1.9098813577e-05,-4.71899361039,628.311279735,2.79817485644,3.2606726163e-05,-4.48669280379,368.022227684,2.56587404984,4.65497461299e-05,-4.3320826832,257.788731361,2.41126392925,3.84334323353e-05,-4.41529082871,312.228163629,2.49447207476
source-row-0172,172,278Rg,,Rg,278,111,167,10.85,,0.0046,100,,,,False,True,approx,1,1,7.54982325135e-06,-5.1220632155,609.285786813,2.78482104719,0.00565055459232,-2.24790892482,0.814079383687,-0.089333243494,0.00619871600828,-2.20769826022,0.742089167152,-0.129543908096,0.000499416106592,-3.30153745539,9.21075619965,0.964295287076,0.00101903066633,-2.9918127463,4.51409378736,0.654570577983,0.0010631479117,-2.97340630954,4.32677330159,0.636164141224,0.00107145046069,-2.97002790409,4.29324562241,0.632785735767
source-row-0173,173,279Rg,,Rg,279,111,168,10.53,,0.103448275862,87,13,,,False,True,,1,1,3.77783306513e-05,-4.42275723659,2738.29663933,3.43748049341,0.0120942314891,-1.91742172305,8.55352206173,0.932144979875,0.0283262564969,-1.54781081659,3.65202778819,0.562534073411,0.00306897558251,-2.5130065669,33.7077546174,1.52772982372,0.00658215528881,-2.18163187587,15.7164745168,1.19635513269,0.00385301050824,-2.41419980654,26.8486877056,1.42892306336,0.0066868423666,-2.17477891459,15.4704223893,1.18950217141
source-row-0174,174,280Rg,,Rg,280,111,169,10.149,,3.9,100,,,,False,True,,1,1,0.000287682776652,-3.54108613821,13556.5988531,4.13215074524,0.357574944505,-0.44663292009,10.9068044614,1.03769752712,0.449819859182,-0.346961374728,8.67013743477,0.938025981754,0.0300915654343,-1.52155521865,129.604423822,2.11261982567,0.0680026789117,-1.16747397827,57.3506818028,1.7585385853,0.0561646574685,-1.2505368854,69.4386857462,1.84160149243,0.0673221328659,-1.17184213338,57.9304284338,1.76290674041
source-row-0175,175,281Rg,,Rg,281,111,170,9.9,,78.5714285714,14,88,,,True,False,,1,1,0.00116817343444,-2.93249267432,67260.0713686,4.8277573238,0.58498611558,-0.232854441608,134.313322109,2.12811909109,1.52546308233,0.183401701762,51.506607719,1.71186294772,0.141848656391,-0.848174773542,553.910277125,2.74343942302,0.336299691079,-0.473273531623,233.635149409,2.3685381811,0.159934591536,-0.796057594486,491.272262096,2.69132224397,0.330743192678,-0.480509085652,237.560228935,2.37577373513
source-row-0176,176,282Rg,,Rg,282,111,171,9.55,,100,100,,,,True,False,approx,1,1,0.00927384924473,-2.03273996825,10783.009014,4.03273996825,17.589324928,1.24524917171,5.68526651303,0.754750828289,25.18680927,1.40117315344,3.97033220556,0.598826846563,1.41442735897,0.150580648218,70.6999899044,1.84941935178,3.53216088106,0.548040476379,28.3112812149,1.45195952362,2.41701518169,0.383279378294,41.3733437662,1.61672062171,3.48726776237,0.542485295026,28.6757446844,1.45751470497
source-row-0177,177,277Cn,,Cn,277,112,165,11.62,,0.00061,100,,,,False,True,,1,1,2.80194459871e-07,-6.55254045603,2177.05946178,3.33787029104,7.86407766078e-05,-4.10435220633,7.75679013246,0.889682041341,7.40782019705e-05,-4.13030956741,8.234541117,0.915639402424,1.67736018449e-05,-4.77537367005,36.3666674361,1.56070350506,2.93130896962e-05,-4.53293840308,20.8098158987,1.31826823809,2.60077404375e-05,-4.58489737784,23.454555826,1.37022721285,3.67515368921e-05,-4.43472449468,16.5979453265,1.22005432969
source-row-0179,179,281Cn,,Cn,281,112,169,10.43,,0.18,100,,,,False,True,,1,1,8.34942949991e-05,-4.07834319799,2155.83591672,3.33361570309,0.0563953885201,-1.24875640705,3.19175033143,0.504028912151,0.0581491951066,-1.23545629234,3.095485667,0.490728797444,0.0111567646271,-1.95246172908,16.133709549,1.20773423419,0.0238557159657,-1.62240754472,7.54536146636,0.877680049822,0.0134826102347,-1.87022602021,13.3505305625,1.12549852531,0.0255034415456,-1.59340121002,7.057870981,0.848673715124
source-row-0181,181,283Cn,,Cn,283,112,171,9.667,,4.23333333333,90,10,,,False,True,<,1,1,0.00603333685774,-2.21944242615,701.657048686,2.84612489239,7.43069688118,0.871029545585,0.569708790579,-0.244347079349,7.99233560952,0.902673712243,0.529674120328,-0.275991246006,1.38841810316,0.142520267669,3.04903351786,0.484162198567,3.31370387049,0.520313695043,1.27752312783,0.106368771193,1.49048521411,0.173327672108,2.8402383957,0.453354794128,3.48228856803,0.541864757106,1.21567562556,0.0848177091306
source-row-0182,182,284Cn,,Cn,284,112,172,9.46,,4.9,2,98,,,False,True,,1,1,0.0214277955922,-1.66902250518,228.674946003,2.35921858521,13.182127393,1.11998550438,0.371715418453,-0.429789424349,8.73830605244,0.94142725147,0.560749414199,-0.251231171441,5.58774477829,0.747236561381,0.876919078165,-0.0570404813523,13.9922373954,1.14588716487,0.350194172779,-0.455691084841,3.67556964464,0.565324656169,1.33312669157,0.12487142386,14.8794987451,1.17258830111,0.329312168638,-0.482392221081
source-row-0183,183,285Cn,,Cn,285,112,173,9.32,,33,100,,,,False,True,,1,1,0.052156882586,-1.28268837426,632.70652623,2.80120231414,79.8196129164,1.90210961735,0.413432222912,-0.383595677473,90.0413505121,1.95444200027,0.366498278983,-0.435928060395,14.538931398,1.16253248734,2.26976791461,0.355981452543,38.0841185248,1.58074390809,0.866502922433,-0.0622299682133,14.9906799794,1.17582133295,2.20136778621,0.342692606923,41.1333001928,1.61419355507,0.802269690137,-0.0956796151949
source-row-0184,184,286Cn,,Cn,286,112,174,9.24,,8.4,100,,,,True,False,,1,1,0.0882618415771,-1.05422701527,95.1713656763,1.97850630133,59.7351874138,1.77623023059,0.140620635235,-0.851950944529,36.1197145772,1.5577443098,0.23255997724,-0.633465023741,24.9524008936,1.39711233933,0.33664095234,-0.472833053264,68.1802959354,1.83365888194,0.123202750659,-0.909379595883,16.0377388666,1.20514313783,0.523764607335,-0.280863851765,74.8016657761,1.87391126938,0.112296964417,-0.949631983317
source-row-0185,185,278Nh,,Nh,278,113,165,11.99,,0.002,100,,,,False,True,,1,1,7.4011249712e-08,-7.13070226248,27022.9189182,4.43173225814,5.90553338184e-05,-4.22874087124,33.8665429637,1.5297708669,5.47181703299e-05,-4.26186843302,36.5509297541,1.56289842868,5.0099788956e-06,-5.30016410358,399.203278432,2.60119409925,8.18161066393e-06,-5.087161191,244.450644519,2.38819118666,1.31996183985e-05,-4.87943862408,151.519531824,2.18046861975,1.15838350939e-05,-4.93614763367,172.654391555,2.23717762933
source-row-0186,186,282Nh,,Nh,282,113,169,10.78,,0.061,100,,,,False,True,,1,1,1.78738654268e-05,-4.74778151621,3412.80403223,3.53311135122,0.0363943226405,-1.43896635916,1.67608559727,0.22429619417,0.0427303786524,-1.36926325869,1.42755580278,0.154593093705,0.00287211942034,-2.54179750645,21.2386711945,1.32712734146,0.00576858532182,-2.23893067944,10.5745163843,1.02426051445,0.0057787699612,-2.2381645934,10.5558796093,1.02349442841,0.00674577531062,-2.17096812846,9.04269667921,0.956297963468
source-row-0187,187,283Nh,,Nh,283,113,170,10.35,,0.123,100,,,,False,True,,1,1,0.000163800596541,-3.78568452093,750.913016178,2.87558963237,0.162870941468,-0.788156393198,0.755199171144,-0.121938495362,0.461702301442,-0.335637960621,0.26640542968,-0.57445692794,0.0365969345595,-1.43655529055,3.36093723369,0.526460401992,0.0779187264349,-1.10835815452,1.57856789539,0.198263265962,0.0427801895611,-1.36875729538,2.87516257553,0.45866240682,0.0883403869158,-1.05384070294,1.3923416491,0.143745814377
source-row-0188,188,284Nh,,Nh,284,113,171,10.28,,0.9,100,,,,False,True,,1,1,0.000240118392124,-3.61957457342,3748.15103516,3.57381708286,0.712706412306,-0.147089333785,1.262792062,0.101331843224,0.934501527999,-0.0294199841716,0.963080287227,-0.016337506389,0.0544279246764,-1.26417822491,16.5356295569,1.21842073435,0.12088485375,-0.917628110596,7.44510145055,0.871870620035,0.10016816728,-0.999270272192,8.98489035428,0.953512781632,0.136942349807,-0.863462224303,6.57210863745,0.817704733743
source-row-0189,189,285Nh,,Nh,285,113,172,10.01,,2.56097560976,82,18,,,False,True,,1,1,0.00107161805671,-2.96995997716,2389.82125555,3.37836541951,1.3355831452,0.125670929706,1.91749620303,0.282734512644,3.98964378925,0.600934121936,0.641905830454,-0.192528679585,0.293585892914,-0.532264816524,8.72308810322,0.940670258874,0.686580966833,-0.163308240109,3.73004166074,0.571713682459,0.325476449002,-0.487480430869,7.86838991763,0.89588587322,0.775222901704,-0.110573405802,3.30353451134,0.518978848152
source-row-0190,190,286Nh,,Nh,286,113,173,9.79,,9.5,100,,,,False,True,,1,1,0.00382980298961,-2.41682356617,2480.5453507,3.39454717146,16.4414208174,1.21593934523,0.577808943978,-0.238215739941,24.1452695917,1.38283205884,0.393451809014,-0.405108453549,1.21290140826,0.0838255002999,7.8324585455,0.893898104989,2.9802851927,0.474257825046,3.18761440122,0.503465780243,2.07499391695,0.317016827874,4.57832667478,0.660706777415,3.3867901741,0.529788291108,2.80501581487,0.447935314181
source-row-0191,191,284Fl,,Fl,284,114,170,10.721,,0.0104166666667,24,76,,,False,True,,1,1,3.00679257652e-05,-4.52189653066,346.437820421,2.53962529762,0.019193192594,-1.71685277875,0.542727147432,-0.265418454291,0.0157059252156,-1.80393647479,0.663231648162,-0.17833475825,0.00801299534085,-2.09620510978,1.29997163652,0.11393387674,0.0159597050245,-1.79697513977,0.652685413088,-0.185296093274,0.0061625404319,-2.21024021834,1.69032021482,0.227968985297,0.0197829630498,-1.70370866017,0.526547344827,-0.278562572868
source-row-0192,192,285Fl,,Fl,285,114,171,10.56,,0.1,100,,,,False,True,,1,1,6.86056359355e-05,-4.16364020565,1457.60619571,3.16364020565,0.112759097632,-0.947848408281,0.886846401757,-0.0521515917194,0.112950453699,-0.947112020268,0.885343942632,-0.0528879797325,0.0202393788378,-1.69380282046,4.94086309672,0.693802820462,0.0422557807941,-1.37411386908,2.36654010695,0.374113869075,0.0240763558113,-1.6184092471,4.15345249023,0.618409247099,0.0518586961616,-1.28517840652,1.92831689575,0.28517840652
source-row-0193,193,286Fl,,Fl,286,114,172,10.335,,0.2625,40,60,,,False,True,,1,1,0.000225073705378,-3.64767523923,1166.28461579,3.06680454698,0.191212582744,-0.71848353237,1.37281760558,0.137612840112,0.145232867917,-0.83793508653,1.80744210153,0.257064394272,0.0779346489705,-1.10826941638,3.36820661243,0.527398724124,0.171125356888,-0.766685633121,1.53396319969,0.185814940863,0.0560829298243,-1.2511693065,4.68056859409,0.670298614244,0.208316572262,-0.681276179138,1.26010137912,0.10040548688
source-row-0194,194,287Fl,,Fl,287,114,173,10.157,,0.514285714286,70,,,,False,True,<,1,1,0.000596716804166,-3.2242317318,861.858943297,2.93543619255,1.32687245554,0.122829178692,0.387592426189,-0.411624717939,1.39503370616,0.144584700959,0.368654686991,-0.433380240206,0.232060280413,-0.634399187307,2.21617294166,0.34560364806,0.534675437869,-0.271909766233,0.961865232365,-0.0168857730143,0.258486067531,-0.58756286053,1.98960709642,0.298767321283,0.650928259923,-0.186466873239,0.790080483442,-0.102328666008
source-row-0195,195,288Fl,,Fl,288,114,174,10.076,,0.64,100,,,,False,True,,1,1,0.000945979069387,-3.02411847264,676.547738435,2.83029844662,0.939360917212,-0.0271675129116,0.681314272579,-0.166652513105,0.658753887128,-0.181276809118,0.971531269121,-0.0125432168985,0.377042112741,-0.423610139689,1.69742312164,0.229790113673,0.90692113162,-0.0424304787521,0.705684295675,-0.151389547264,0.26085910876,-0.583593993846,2.45343167445,0.38977396783,1.11031227824,0.0454451424292,0.576414412902,-0.239265168445
source-row-0196,196,289Fl,,Fl,289,114,175,9.95,,2.4,100,,,,False,True,,1,1,0.00195120754406,-2.70969653355,1230.00754446,3.08990777527,4.8024666909,0.681464361351,0.499743185007,-0.301253119639,5.31010412867,0.725103037478,0.451968538063,-0.344891795766,0.830240969811,-0.0807958393459,2.89072701453,0.461007081057,2.08973707429,0.320091647657,1.1484698384,0.0601195940549,0.89805766733,-0.0466957749148,2.67243417356,0.426907016626,2.58019112315,0.411651876761,0.930163652786,-0.031440635049
source-row-0197,197,290Fl,,Fl,290,114,176,9.86,,0.46,100,,,,False,True,<,1,1,0.00332200753118,-2.47859938731,138.470486801,2.14135721899,3.67633174069,0.56541469386,0.125124725527,-0.902656862178,2.36687205858,0.374174782748,0.194349330515,-0.711416951066,1.45728595843,0.163544780309,0.315655275027,-0.500786948627,3.83071253898,0.583279563254,0.120082098388,-0.920521731573,0.978730102725,-0.00933705391444,0.4699967833,-0.327905114404,4.78308067768,0.679707706311,0.0961723272089,-1.01694987463
source-row-0198,198,286Mc,,Mc,286,115,171,10.86,,0.02,100,,,,False,True,,1,1,1.84863544136e-05,-4.73314872508,1081.87907429,3.03417872075,0.0975040052297,-1.01097754416,0.205119778956,-0.687992460172,0.120097738051,-0.920465172126,0.166531029848,-0.77850483221,0.00695500921813,-2.15770229006,2.87562523251,0.458732285724,0.0135799437312,-1.86710202956,1.47276015246,0.168132025224,0.0136196625863,-1.86583365151,1.46846516008,0.166863647171,0.0182023791194,-1.73987184438,1.0987574684,0.0409018400481
source-row-0199,199,287Mc,,Mc,287,115,172,10.76,,0.038,100,,,,False,True,,1,1,3.05603663727e-05,-4.51484144353,1243.44059022,3.09462504015,0.0579923995018,-1.23662892145,0.655258280851,-0.183587481934,0.177311300725,-0.751263584275,0.214312341315,-0.668952819108,0.0120776325612,-1.9180181871,3.14631197856,0.49780178372,0.0246547051513,-1.60810018688,1.5412879516,0.187883783501,0.0146009152705,-1.83561991925,2.60257657113,0.41540351587,0.0328580346361,-1.48335841693,1.15649035071,0.0631420135442
source-row-0200,200,288Mc,,Mc,288,115,173,10.65,,0.193,100,,,,False,True,,1,1,5.36529499197e-05,-4.27040639488,3597.19270401,3.55596370389,0.318247518299,-0.497234974299,0.60644620587,-0.217207716694,0.419134434289,-0.377646657927,0.460472784412,-0.336796033066,0.0224676395058,-1.64844255301,8.59013248589,0.933999862021,0.0479738638741,-1.31899530151,4.02302388039,0.604552610521,0.0424110922738,-1.37252054239,4.55069628375,0.658077851394,0.063694992162,-1.19589471149,3.03006552712,0.481452020501
source-row-0201,201,289Mc,,Mc,289,115,174,10.49,,0.25,100,,,,False,True,,1,1,0.000123520976696,-3.90825928297,2023.94772683,3.30619929164,0.280110598136,-0.552670459099,0.892504609477,-0.0493895322293,0.887898959329,-0.0516364530306,0.281563569113,-0.550423538297,0.0574709759453,-1.24055142782,4.35002183081,0.638491436489,0.12870964295,-0.890388914454,1.9423564099,0.288328923126,0.0663344593225,-1.17826080635,3.76878024715,0.576200815021,0.170401046796,-0.768527741634,1.46712713743,0.166467750306
source-row-0202,202,290Mc,,Mc,290,115,175,10.41,,0.65,100,,,,False,True,,1,1,0.000190253374835,-3.7206676307,3416.49655658,3.53358098734,1.30469452744,0.115508840734,0.498200909355,-0.302595484091,1.8454460399,0.266101351121,0.352218372115,-0.453187994478,0.0909226846029,-1.04132774968,7.14893101583,0.854241106328,0.212623074683,-0.672389605928,3.05705296083,0.485302962571,0.1649323871,-0.782694055345,3.9410088669,0.595607411988,0.282469686795,-0.549028151611,2.30113187498,0.361941508254
source-row-0203,203,288Lv,,Lv,288,116,172,11.24,,0.002,100,,,,False,True,,1,1,0.00214804271588,-2.66795708653,0.931080180677,-0.0310129178091,0.00392164751689,-2.4065314439,0.509989740635,-0.292438560433,0.00333493095022,-2.47691315373,0.599712566723,-0.22205685061,0.00152642678075,-2.81632402299,1.31024954831,0.117354018656,0.00287431938606,-2.54146497597,0.695816898323,-0.157505028363,0.00124583000002,-2.90454121537,1.6053554658,0.205571211036,0.00258397212976,-2.58771217487,0.774002156203,-0.111257829465
source-row-0204,204,289Lv,,Lv,289,116,173,11.057,,0.0024,100,,,,False,True,,1,1,0.00596929273312,-2.22407712286,0.402057682091,-0.395711635431,0.0248789464166,-1.60416801527,0.0964671075621,-1.01562074302,0.0243373069836,-1.6137274798,0.0986140332461,-1.00606127849,0.00416078609454,-2.38082461065,0.576814079231,-0.238964147634,0.00823174892213,-2.08450788453,0.29155408197,-0.53528087376,0.00521310768757,-2.28290330373,0.460377982546,-0.336885454563,0.00721254110598,-2.14191169868,0.332753736129,-0.477877059606
source-row-0205,205,290Lv,,Lv,290,116,174,11,,0.0083,100,,,,False,True,,1,1,0.00828970271028,-2.08146104407,1.00124217841,0.000539136445708,0.0144652066122,-1.83967535877,0.573790628958,-0.241246548849,0.011500330896,-1.93928966362,0.721718364023,-0.141632243999,0.00556521069758,-2.25451838873,1.49140804383,0.173596481106,0.011485419606,-1.93985313375,0.722655356503,-0.141068773874,0.00433837168303,-2.36267324324,1.91316019152,0.281751335621,0.0100291146748,-1.99873740285,0.82759049718,-0.0821845047702
source-row-0206,206,291Lv,,Lv,291,116,175,10.89,,0.019,100,,,,False,True,approx,1,1,0.0156989260982,-1.80413005495,1.21027386721,0.0828836559044,0.0613549741065,-1.21215022284,0.309673343958,-0.509096176207,0.0631829558724,-1.19940006047,0.30071400962,-0.521846338581,0.0101908109771,-1.99179125379,1.86442472955,0.27054485474,0.0220043777002,-1.65749090909,0.863464545958,-0.0637554899563,0.012391671526,-1.90687010722,1.53328789907,0.185623708173,0.0190438828907,-1.72024449786,0.997695696255,-0.00100190118715
source-row-0207,207,292Lv,,Lv,292,116,176,10.791,,0.013,100,,,,False,True,approx,1,1,0.0282168323503,-1.54949174218,0.460717909035,-0.336564905516,0.0463258945963,-1.3341761853,0.280620592722,-0.551880462397,0.0342234545978,-1.46567615385,0.379856450869,-0.42038049384,0.0176472956226,-1.75332183907,0.736656781754,-0.132734808625,0.0398398598609,-1.3996821979,0.326306368682,-0.48637444979,0.0132496363116,-1.87779604249,0.981159006505,-0.00826060520746,0.0343123077771,-1.46455007118,0.378872796445,-0.421506576509
source-row-0208,208,293Lv,,Lv,293,116,177,10.68,,0.057,100,,,,False,True,,1,1,0.0550865380032,-1.25895452066,1.03473556455,0.0148293763347,0.201567705529,-0.695579047793,0.282783394545,-0.548546096535,0.218431250003,-0.660685228911,0.260951672433,-0.583439915417,0.0331407417266,-1.47963777582,1.71993736502,0.235512631488,0.0782759312922,-1.10637175664,0.728193188622,-0.13775338769,0.03884409082,-1.41067503914,1.46740466302,0.166549894812,0.0671739425429,-1.17279916154,0.848543316682,-0.0713259827914
source-row-0209,209,293Ts,,Ts,293,117,176,11.32,,0.022,100,,,,False,True,,1,1,0.00178693918353,-2.74789022797,12.3115549778,1.09031290879,0.00853868129598,-2.06860919607,2.57651026398,0.41103187689,0.0269291287456,-1.56977769735,0.816959219432,-0.0877996218244,0.00166999167525,-2.77728569376,13.1737183641,1.11970837459,0.00345535514494,-2.46150730876,6.36692874601,0.803929989586,0.0021652800841,-2.66448591866,10.1603483824,1.00690859948,0.00374807154819,-2.42619212731,5.86968517467,0.768614808135
source-row-0210,210,294Ts,,Ts,294,117,177,11.18,,0.051,100,,,,False,True,,1,1,0.00388348368561,-2.41077851496,13.1325387535,1.11834869106,0.0536402809019,-1.27050895651,0.950778018729,-0.0219208673886,0.0717346350376,-1.1442711069,0.710953641477,-0.148158717002,0.00355137375263,-2.4496036194,14.3606400093,1.1571737955,0.00770310782707,-2.1133340229,6.62070441502,0.820904198999,0.00712778368779,-2.14704548863,7.15509928947,0.85461566473,0.00825458792852,-2.08330460197,6.17838230589,0.790874778068
source-row-0211,211,294Og,,Og,294,118,176,11.87,,0.00058,100,,,,False,True,,1,1,8.86243116814e-05,-4.05244712483,6.54447960154,0.815875118394,0.000452464906861,-3.34441509899,1.28186736961,0.107843092558,0.000375235919971,-3.42569559487,1.54569423962,0.189123588433,0.000165664285136,-3.7807711092,3.50105636544,0.544199102768,0.000312328729355,-3.50538806564,1.85701776842,0.2688160592,0.00014865449165,-3.82782196389,3.90166481727,0.591249957456,0.000428384871896,-3.36816587437,1.3539226944,0.13159386793
